slot,transmitters,slot_transmitter_uses,transmitter_uses,cumulative_transmitter_uses,endpoint_displacement_m,cumulative_endpoint_m,max_position_error_m,rms_position_error_m,max_radial_error_m,max_angular_error_deg,max_adjacent_gap_error_deg
0,,0,0,0,0.0,0.0,12.01113974324003,7.414802070024728,12.000000000000014,0.2799999999999826,0.45999999999999375
1,0-1-4-5,4,4,4,21.79422763005858,21.79422763005858,8.396513111647758,4.814787327183428,8.054344597400757,1.307751533038734,1.1232498118621095
2,0-1-7-8,4,8,8,15.21666622501624,37.01089385507482,4.576094099212754,2.793522901272151,4.575608886828192,0.8640054875221203,0.8640054875221281
3,0-1-4-5,4,12,12,8.138736095875286,45.14962995095011,3.961582872731162,2.083643636306451,3.2988878615589954,1.2365807418973938,1.1245157669127366
4,0-1-7-8,4,16,16,6.147839328253637,51.297469279203746,2.181118276332139,1.2892424423941236,1.8573618243884624,0.7125743031587235,0.6504084853424601
5,0-1-4-5,4,20,20,2.7223796886517846,54.01984896785553,2.1763724164288836,1.1776945342080982,1.8573618243884624,0.840971840201452,0.8293735579042405
6,0-1-7-8,4,24,24,3.0603937310012976,57.08024269885683,1.181843394645433,0.7218436037108814,1.0755619497051612,0.4610136729747175,0.42560744751769874
7,0-1-4-5,4,28,28,1.1750853493788649,58.2553280482357,1.2376981413497599,0.70153242018236,1.0755619497051612,0.5318882976934831,0.5318882976934916
8,0-1-7-8,4,32,32,1.8085932131779445,60.06392126141364,0.6539385809050348,0.4175395327876853,0.6084076890646486,0.2745453156119529,0.25311411384212334
9,0-1-4-5,4,36,36,0.5905427038429822,60.654463965256625,0.6977378638051448,0.41648187441886214,0.6084076890646486,0.31451079952117156,0.3145107995211802
10,0-1-7-8,4,40,40,1.148077496517888,61.80254146177451,0.35978214990808255,0.24508100261744908,0.3385481133653059,0.1537464058239624,0.13575141944094327
11,0-1-4-5,4,44,44,0.30937931318764966,62.11192077496216,0.3853732882117278,0.24781249299765057,0.3385481133653059,0.17411241301155356,0.17411241301156366
12,0-1-7-8,4,48,48,0.7226860859177747,62.83460686087993,0.21279358216081815,0.14998334604293653,0.20962219833661777,0.07865825575642357,0.05907350472841699
13,0-1-4-5,4,52,52,0.19106628396442146,63.025673144844355,0.20526486109729333,0.1501953424193042,0.1880529264022499,0.09034567249766227,0.08877622581423594
14,0-1-7-8,4,56,56,0.44395396091179157,63.469627105756146,0.1559797286543076,0.09852084989490312,0.15433453839898448,0.038202358602565885,0.02839750198435098
15,0-1-4-5,4,60,60,0.13428248215615066,63.6039095879123,0.1351522328538806,0.09473121852743557,0.1337635246755724,0.04778931768151872,0.043316059606098634
16,0-1-7-8,4,64,64,0.2837330840941006,63.8876426720064,0.11596660654755557,0.06804693090645758,0.11296840212040138,0.02895941217131663,0.02093883481911263
17,0-1-4-5,4,68,68,0.11374076365129945,64.0013834356577,0.09841052388026951,0.06220895301148154,0.0964423216232575,0.022128970941429373,0.02160020669546725
18,0-1-7-8,4,72,72,0.18276053250601565,64.18414396816371,0.08668017531536254,0.04939564363669054,0.08137738890938806,0.0221209607908992,0.015159543274947396
19,0-1-4-5,4,76,76,0.08656924440836446,64.27071321257208,0.07049145918343865,0.04280709760108807,0.06936733813338947,0.016084242609337534,0.012054789658890286
20,0-1-7-8,4,80,80,0.10284985273045401,64.37356306530253,0.06447488412532426,0.03774124751949518,0.060870871363405854,0.016084242609337534,0.014967859420821128
21,0-1-4-5,4,84,84,0.08646102014670026,64.46002408544923,0.04993638244154406,0.030214208184653993,0.04874423271614603,0.012895616899288127,0.011406607751140996
22,0-1-7-8,4,88,88,0.06365472067365928,64.52367880612289,0.046612197726826704,0.027050383245887558,0.04303136488719872,0.012895616899288127,0.010915433722253454
23,0-1-4-5,4,92,92,0.0519232116741168,64.57560201779701,0.03858331368487374,0.022002072311132177,0.038381233149578975,0.009095913061535073,0.006149644846615843
24,0-1-7-8,4,96,96,0.05596109388379586,64.6315631116808,0.032337066209332486,0.019632951069885243,0.03035378012214096,0.010002504375472895,0.010002504375471233
25,0-1-4-5,4,100,100,0.05136020107792604,64.68292331275873,0.02448484905219901,0.013736953044911095,0.0239119572284352,0.005936222463221388,0.007145175294958506
26,0-1-7-8,4,104,104,0.020889443122991635,64.70381275588173,0.019799344901717156,0.011829724359278265,0.019564027089160163,0.005936222463221388,0.004788363809048235
27,0-1-4-5,4,108,108,0.027583471331012095,64.73139622721274,0.016664008280451798,0.009273806618487843,0.016662470267235108,0.004404491735187407,0.003849633499847016
28,0-1-7-8,4,112,112,0.01763114064375003,64.74902736785648,0.01452519074862309,0.00839026116694183,0.014521551807817445,0.004404491735187407,0.003849633499847016
29,0-1-4-5,4,116,116,0.02122049719708311,64.77024786505356,0.013761636888861917,0.008293686533279424,0.013687105257332632,0.00277752836368073,0.0024665000955792493
30,0-1-7-8,4,120,120,0.020798063744768842,64.79104592879833,0.01205727814477139,0.00865604102659565,0.012056105137347117,0.0052259176460784824,0.0052259176460864865
31,0-1-4-5,4,124,124,0.018619468394600894,64.80966539719293,0.01164422040943521,0.006816174383558992,0.011631853195495978,0.0029506283789931752,0.0021533076623896363
32,0-1-7-8,4,128,128,0.02021506922869,64.82988046642161,0.009947830935565297,0.006360927358906327,0.00989367516505979,0.004592109499871584,0.004592109499881758
33,0-1-4-5,4,132,132,0.023586901522977842,64.85346736794459,0.00970082195461528,0.00522949037025835,0.009056068141134688,0.0030918671474800706,0.0050842846351244475
34,0-1-7-8,4,136,136,0.01854536457958136,64.87201273252417,0.00815093584046602,0.004682087683392806,0.006124433425014786,0.0030918671474800706,0.0046464325701975895
35,0-1-4-5,4,140,140,0.020049993089000483,64.89206272561317,0.006770367524188782,0.0038009694347751833,0.006454235057233859,0.0023701435341909882,0.003610204364527192
36,0-1-7-8,4,144,144,0.019077987550214,64.91114071316339,0.008244091102225891,0.004879006730679749,0.007741160937726477,0.0033045001966603427,0.005045861002095364
37,0-1-4-5,4,148,148,0.01633177088051133,64.9274724840439,0.008244091102225891,0.0039010524870119836,0.007741160937726477,0.0016263730983682304,0.0022139190021945865
38,0-1-7-8,4,152,152,0.01395889450379773,64.9414313785477,0.006031855397912383,0.0035279124781234963,0.0059248098046964515,0.00238822252015712,0.0030651574132178894
39,0-1-4-5,4,156,156,0.01653814691240053,64.9579695254601,0.005856388128776977,0.0034695487319675337,0.004936744733967657,0.0018050756272671939,0.0023514867138985096
40,0-1-7-8,4,160,160,0.02132822964479813,64.9792977551049,0.005856388128776977,0.003470414514126135,0.005324073769443771,0.0018050756272671939,0.002692954835033845
41,0-1-4-5,4,164,164,0.015285772518464384,64.99458352762336,0.006007063488294179,0.003344878982266418,0.005324073769443771,0.002560502113399592,0.0034613830947307633
42,0-1-7-8,4,168,168,0.014370186862258511,65.00895371448561,0.006340417756530797,0.0032678855940059337,0.003102589652314691,0.0035576428366071717,0.004458523817937987
43,0-1-4-5,4,172,172,0.020823467918519897,65.02977718240413,0.005219696569616242,0.003360990264054016,0.004685230988783928,0.002636118502928855,0.0037803058826497704
44,0-1-7-8,4,176,176,0.013897103301417356,65.04367428570555,0.007474137665005396,0.003970833758890294,0.007458695667551751,0.0024620552704220137,0.0037803058826497704
45,0-1-4-5,4,180,180,0.018998256954095925,65.06267254265964,0.009553889692968089,0.004668869657182174,0.007458695667551751,0.005087092339479422,0.005027841289546586
46,0-1-7-8,4,184,184,0.03525229284325021,65.0979248355029,0.009553889692968089,0.005820958792417538,0.005005018759717927,0.005087092339479422,0.007406119573388992
47,0-1-4-5,4,188,188,0.0178044960202086,65.1157293315231,0.009036943520672592,0.006238531466211112,0.005529206700572331,0.004841533201679466,0.006472114907460025
48,0-1-7-8,4,192,192,0.023857280362075746,65.13958661188518,0.010208064827472002,0.006268197986892051,0.005529206700572331,0.005713929208255637,0.00601879313116882
49,0-1-4-5,4,196,196,0.017439645925165066,65.15702625781034,0.007447781713180874,0.0049602152561927515,0.0038818165618437206,0.004221907368357264,0.004602798071331904
50,0-1-7-8,4,200,200,0.01439534197726796,65.1714215997876,0.011383697645979525,0.005660090229646956,0.004462879234651496,0.006286189407599263,0.006286189407603615
51,0-1-4-5,4,204,204,0.020528882770113048,65.19195048255771,0.006629484895921745,0.0040067396223064985,0.004633663423973644,0.0035931099101569764,0.0049828990374294335
52,0-1-7-8,4,208,208,0.022015327200872188,65.21396580975859,0.00775527507156471,0.004766596216578972,0.007008891494606928,0.004258294960256644,0.0042582949602305575
53,0-1-4-5,4,212,212,0.0238394756443892,65.23780528540298,0.007118298090687558,0.004688218991385421,0.007008891494606928,0.0033300247708843607,0.0034919985688759425
54,0-1-7-8,4,216,216,0.015662259895249154,65.25346754529824,0.00712360776906988,0.004444513212452613,0.005717251921041111,0.0026642262851677236,0.004744999721452814
55,0-1-4-5,4,220,220,0.021248719266804012,65.27471626456504,0.00712360776906988,0.0040933588860871395,0.005410116806601195,0.003623559167568241,0.005084200197160271
56,0-1-7-8,4,224,224,0.02800864443457672,65.30272490899962,0.006448616628592606,0.003723979220031174,0.003915169759665105,0.003623559167568241,0.003862599620305218
57,0-1-4-5,4,228,228,0.015369206706615688,65.31809411570623,0.0067291527422708676,0.003189363102131468,0.0018871325991653976,0.003764691424723964,0.003725184608079246
58,0-1-7-8,4,232,232,0.020992768834488102,65.33908688454072,0.0067291527422708676,0.004083149782292111,0.004071284065972236,0.003764691424723964,0.003050285590113333
59,0-1-4-5,4,236,236,0.017693307620887708,65.35678019216161,0.00722453490050434,0.0040181861812408435,0.004071284065972236,0.0041119526720485395,0.004111952672047892
60,0-1-7-8,4,240,240,0.031179931912339514,65.38796012407394,0.007411495181547604,0.0036668085295707316,0.0031268225433933594,0.0038501166650428548,0.003969757316504285
61,0-1-4-5,4,244,244,0.019553382693505695,65.40751350676744,0.007411495181547604,0.0031414749180226904,0.0031268225433933594,0.0038501166650428548,0.004305726063378756
62,0-1-7-8,4,248,248,0.017717814239008894,65.42523132100645,0.004671205283845508,0.0029009747752099238,0.004219788259902657,0.0019808165385793025,0.0026955072226755306
63,0-1-4-5,4,252,252,0.015306188687578933,65.44053750969402,0.004671205283845508,0.0030526811626771337,0.004219788259902657,0.0026488315925976623,0.0030072191064149933
64,0-1-7-8,4,256,256,0.017607354087828042,65.45814486378185,0.00419204152638495,0.002517642670574321,0.00343738643508118,0.0016625333769914152,0.002155994874378564
65,0-1-4-5,4,260,260,0.013412241955835305,65.47155710573769,0.007008382283977257,0.002958246481258758,0.00343738643508118,0.003931838192639836,0.003289615354532316
66,0-1-7-8,4,264,264,0.019396076385688438,65.49095318212338,0.00582950972001069,0.0032266050359081614,0.0033243031816425628,0.0029580551170957977,0.005701856275948103
67,0-1-4-5,4,268,268,0.01707818463878812,65.50803136676217,0.005441465728360013,0.0028554545265620395,0.001957064244521689,0.0029580551170957977,0.004100062327204057
68,0-1-7-8,4,272,272,0.019152057219997926,65.52718342398217,0.003133228391995209,0.001783584918536203,0.0013415150621511884,0.0017224801386617312,0.0014295194684379453
69,0-1-4-5,4,276,276,0.0161124365090541,65.54329586049121,0.005138735029483441,0.0032997732900331023,0.0024047678340082257,0.002938778551354012,0.004545716711781722
70,0-1-7-8,4,280,280,0.015630350488021433,65.55892621097924,0.005446774752039702,0.003305431537794373,0.0030239169472281446,0.0030361993141100256,0.004545716711781722
71,0-1-4-5,4,284,284,0.017395943630877576,65.57632215461011,0.006093592987319266,0.0033703728518993965,0.005228142803645142,0.0028903189299196454,0.004683860845013044
72,0-1-7-8,4,288,288,0.0212144342008369,65.59753658881095,0.0065721133460996,0.0046327231897880196,0.005228142803645142,0.002924735106499262,0.005815054036396816
73,0-1-4-5,4,292,292,0.0189909408583406,65.6165275296693,0.005240257265424027,0.0037479242547735474,0.00460968081645774,0.0023956515777746605,0.004222244803244735
74,0-1-7-8,4,296,296,0.014959506547470943,65.63148703621677,0.006506402656093206,0.004671776832290337,0.0056738655526373805,0.0031223498798731357,0.004222244803244735
75,0-1-4-5,4,300,300,0.018470084227223592,65.64995712044399,0.006261056921462755,0.003777896477451815,0.0056738655526373805,0.0023002593888753683,0.0028429045980900014
76,0-1-7-8,4,304,304,0.010024735026101999,65.6599818554701,0.008022673095585164,0.004458425597568235,0.006160402621659955,0.0033645717505741404,0.004547610427785287
77,0-1-4-5,4,308,308,0.02034483951805133,65.68032669498814,0.008022673095585164,0.005644437295799234,0.006160402621659955,0.003996773370571661,0.005556678311620544
78,0-1-7-8,4,312,312,0.017275342172746788,65.69760203716089,0.007028171676690973,0.004977533742040587,0.0069177125932924355,0.0034545442189291226,0.0034545442189610753
79,0-1-4-5,4,316,316,0.016290959288611885,65.7138929964495,0.007345428723898677,0.004594858583919115,0.0069177125932924355,0.0026541332637761927,0.0033652835685771265
80,0-1-7-8,4,320,320,0.021204603145755146,65.73509759959526,0.005152236447753767,0.0033584417175989497,0.003576715336478742,0.002771319431518759,0.0034604205135764232
81,0-1-4-5,4,324,324,0.014628813768935114,65.7497264133642,0.007519292447838031,0.0037120961991874593,0.002581774773886991,0.004282784942662215,0.006039928822225704
82,0-1-7-8,4,328,328,0.016634882299977637,65.76636129566418,0.007519292447838031,0.004731097983559007,0.006879491465426213,0.004282784942662215,0.006039928822225704
83,0-1-4-5,4,332,332,0.018003954161040295,65.78436524982523,0.00837030981055488,0.005178921877809781,0.006879491465426213,0.0047503013925711355,0.006184187451871992
84,0-1-7-8,4,336,336,0.020129095482325728,65.80449434530756,0.00837030981055488,0.005103939567044272,0.007152248759112467,0.0047503013925711355,0.006184187451871992
85,0-1-4-5,4,340,340,0.013966977892767938,65.81846132320032,0.007256880838453364,0.0048744931988419895,0.007152248759112467,0.0026083674670714994,0.0040813328160282936
86,0-1-7-8,4,344,344,0.01716008101036464,65.83562140421068,0.009764113175071639,0.006219784426752375,0.00892698369069933,0.0039983667465359855,0.005471332095538628
87,0-1-4-5,4,348,348,0.021342085503426533,65.8569634897141,0.009163260766069927,0.0068708768144890645,0.00892698369069933,0.004705762313619534,0.005536465828861026
88,0-1-7-8,4,352,352,0.014518423324168401,65.87148191303827,0.011316630800397097,0.007132158212280266,0.009862261609171696,0.004705762313619534,0.005536465828861026
89,0-1-4-5,4,356,356,0.02088610212049441,65.89236801515877,0.011316630800397097,0.007464917820424761,0.009862261609171696,0.005189735579943285,0.0061457548153995845
90,0-1-7-8,4,360,360,0.03591534832567275,65.92828336348444,0.009901823992646844,0.005925876097848373,0.006591228654940551,0.005189735579943285,0.003962759833363805
91,0-1-4-5,4,364,364,0.025324970954985808,65.95360833443942,0.0069743479632331596,0.0052548747977066825,0.006033673696435926,0.003735963124663406,0.004366760301223849
92,0-1-7-8,4,368,368,0.02355983185678865,65.97716816629621,0.0069743479632331596,0.00406288825059053,0.003338138017099368,0.003735963124663406,0.003940437794682339
93,0-1-4-5,4,372,372,0.016114402171127258,65.99328256846734,0.0044774956274935525,0.003228661060045156,0.003338138017099368,0.0024376719130333622,0.003420784576157132
94,0-1-7-8,4,376,376,0.017305060000880206,66.01058762846822,0.005804760866291881,0.0035838303331927838,0.0028924532074654508,0.003200545739196832,0.003667511894732911
95,0-1-4-5,4,380,380,0.02111083824904913,66.03169846671726,0.005855988039718659,0.0031821197980422275,0.004773144156899889,0.003340991146917984,0.004210830272207033
96,0-1-7-8,4,384,384,0.017236894044118427,66.04893536076138,0.005403009236628225,0.0031608402302041785,0.005230231011196906,0.0016686888431131912,0.001704227154412763
97,0-1-4-5,4,388,388,0.011168046338202094,66.06010340709958,0.006147686068189652,0.0034593135645946595,0.005508200809188679,0.002436653672013977,0.0030448956794231208
98,0-1-7-8,4,392,392,0.014853413637283836,66.07495682073686,0.0061604345691097335,0.0036487717090832286,0.004975443413997027,0.0029020895117743656,0.004551002707373186
99,0-1-4-5,4,396,396,0.019189722349531296,66.0941465430864,0.005620742334885852,0.0031657307016443644,0.005264991120682794,0.0024667308251883936,0.003424923688250203
100,0-1-7-8,4,400,400,0.018432028795044225,66.11257857188144,0.006883934528992516,0.003524664042588393,0.00393638508299432,0.0039065437368140206,0.005745108973989943
101,0-1-4-5,4,404,404,0.019907065226242852,66.13248563710769,0.008144958762829698,0.003776196370309374,0.0026153348428437084,0.004609669802099818,0.007801191303698829
102,0-1-7-8,4,408,408,0.011804698593168482,66.14429033570086,0.005777673004125848,0.003306904420767193,0.0019795495485794845,0.0032246743293210555,0.005152297978469278
103,0-1-4-5,4,412,412,0.013618833527581333,66.15790916922845,0.004768609074617359,0.002644056245041222,0.002478481197556448,0.0026755851734291424,0.0023300436810487213
104,0-1-7-8,4,416,416,0.01850997331808097,66.17641914254652,0.004223582956415952,0.0031571206252502893,0.0034647388136335167,0.0018598768820015062,0.0035099545786394515
105,0-1-4-5,4,420,420,0.013768072002071923,66.19018721454859,0.005085438265101267,0.003181754539829339,0.003009578731308693,0.0027886911873866984,0.0035099545786394515
106,0-1-7-8,4,424,424,0.013645559810822952,66.20383277435941,0.004488926027400586,0.0027166014523764947,0.003009578731308693,0.0024486280115498106,0.00472705694108555
107,0-1-4-5,4,428,428,0.017049668657611917,66.22088244301702,0.007587705723409837,0.0038972481849716143,0.0026852602283469196,0.004066035002305696,0.00472705694108555
108,0-1-7-8,4,432,432,0.017698021596102575,66.23858046461312,0.00871537800588344,0.0040143383971482805,0.0029217419053679805,0.004704512747423166,0.004704512747430556
109,0-1-4-5,4,436,436,0.019643245997457315,66.25822371061058,0.00593671555115871,0.002868870719114696,0.0037166743196195284,0.0033995437848585493,0.004108119555155554
110,0-1-7-8,4,440,440,0.01725228242830315,66.27547599303888,0.004926102779628196,0.003446338823286817,0.004251209527708966,0.002711845545991041,0.002228204879898499
111,0-1-4-5,4,444,444,0.02039341874587076,66.29586941178475,0.005142525706943875,0.003332581096943458,0.004399147226095579,0.002711845545991041,0.0035411002845719963
112,0-1-7-8,4,448,448,0.01908673345969226,66.31495614524444,0.004060390394243236,0.0028525517858123883,0.0025639968091013543,0.002309132024412957,0.0043242502040001796
113,0-1-4-5,4,452,452,0.012914077115040013,66.32787022235948,0.005315899217116788,0.0026536686234457747,0.0015337510191670845,0.003033838293767557,0.0034077139892474406
114,0-1-7-8,4,456,456,0.014635050462292229,66.34250527282177,0.00592337244119684,0.0034835176468111877,0.0037468496627894865,0.0033582089792823368,0.003968167975649806
115,0-1-4-5,4,460,460,0.021636236993860046,66.36414150981562,0.0054644205093088314,0.003349558602836537,0.0038670589960929647,0.0026399294819183963,0.005090759709190706
116,0-1-7-8,4,464,464,0.01605086422161689,66.38019237403724,0.005616212250105334,0.0033552682890748095,0.0038670589960929647,0.003175904779677198,0.00450052316654137
117,0-1-4-5,4,468,468,0.02176424416751574,66.40195661820475,0.004834801599067023,0.002457129850724117,0.0020484366081205962,0.002520797633181994,0.0027858871900576787
118,0-1-7-8,4,472,472,0.021802144301601295,66.42375876250635,0.006130360502023302,0.003089979145974521,0.0056999620549902374,0.0013101815279847465,0.0024090038758046717
119,0-1-4-5,4,476,476,0.017624659254158553,66.4413834217605,0.006937497987024869,0.004189120537628623,0.0056999620549902374,0.002459369312807068,0.003752280373710448
120,0-1-7-8,4,480,480,0.016248140941177096,66.45763156270168,0.005371858032974458,0.003849273333232851,0.0049026756213379485,0.003049872985133065,0.0033753284556041763
121,0-1-4-5,4,484,484,0.01720164718059157,66.47483320988226,0.005326815555892527,0.0036223615782791235,0.0049026756213379485,0.0021435408469120164,0.002669237091062371
122,0-1-7-8,4,488,488,0.02113441788674773,66.495967627769,0.007930900849016221,0.003983159974144808,0.0077211829124621545,0.0028751278765359527,0.003913237624324495
123,0-1-4-5,4,492,492,0.017546849770649593,66.51351447753966,0.007930900849016221,0.004652838171642255,0.0077211829124621545,0.0028751278765359527,0.003913237624324495
124,0-1-7-8,4,496,496,0.015118017490504667,66.52863249503017,0.007354971108161139,0.0048987229058132355,0.007335558677155518,0.003922357747708399,0.003922357747725869
125,0-1-4-5,4,500,500,0.022053496600023627,66.55068599163019,0.008232041695488372,0.005820925430275313,0.007335558677155518,0.0044691961039299965,0.0031474128863990813
126,0-1-7-8,4,504,504,0.0143230554005631,66.56500904703076,0.008232041695488372,0.00494641391932574,0.0057932310410251375,0.0044691961039299965,0.0026047715562285134
127,0-1-4-5,4,508,508,0.013374617159622388,66.57838366419038,0.006230867116783463,0.004024138024263849,0.005790781213491414,0.0032572238898067735,0.0031296907465971913
128,0-1-7-8,4,512,512,0.01814509767167106,66.59652876186206,0.006230867116783463,0.0037709106743797653,0.005790781213491414,0.0032572238898067735,0.0029562599558587976
129,0-1-4-5,4,516,516,0.02095014288377688,66.61747890474584,0.0048730530712226055,0.002745316852290681,0.0018226461003933991,0.002589425671426933,0.0029562599558587976
130,0-1-7-8,4,520,520,0.014509421970682664,66.63198832671652,0.0048730530712226055,0.0025563880796256825,0.002136851282926955,0.002589425671426933,0.002826421798047818
131,0-1-4-5,4,524,524,0.011174276013707605,66.64316260273023,0.005579059551910181,0.002182716366142498,0.0016687744546715066,0.0031613098763591135,0.0031466737496472774
132,0-1-7-8,4,528,528,0.018519931264755287,66.66168253399498,0.005579059551910181,0.0031900177156559874,0.00200996311490087,0.0031613098763591135,0.0031466737496472774
133,0-1-4-5,4,532,532,0.016547542873704954,66.67823007686869,0.0032482473264761687,0.0020605125913008876,0.001808394040850203,0.001611596322231462,0.003142005525262448
134,0-1-7-8,4,536,536,0.016905200917382995,66.69513527778606,0.005065438214003757,0.0028167835703576246,0.001808394040850203,0.0027589026843582876,0.0038716369277977947
135,0-1-4-5,4,540,540,0.020216862915983427,66.71535214070205,0.005065438214003757,0.0027763718158128805,0.00379309385678539,0.0027589026843582876,0.0023800431299392244
136,0-1-7-8,4,544,544,0.019508577004472057,66.73486071770652,0.005125068288593637,0.003106630361495323,0.003921424512313365,0.0029313964996121084,0.0029313964995907327
137,0-1-4-5,4,548,548,0.017940996871707693,66.75280171457823,0.005336595766843767,0.0031386818410672995,0.001900204766201341,0.0030001235513231698,0.0036757772449362847
138,0-1-7-8,4,552,552,0.011436765079386691,66.7642384796576,0.003625764969560359,0.0026494776920137813,0.001984130466510692,0.001981305922843919,0.0029226916836080363
139,0-1-4-5,4,556,556,0.010278593820912034,66.77451707347852,0.004584145771906054,0.002508125196202451,0.001984130466510692,0.0023942936196996376,0.0033741850873312274
140,0-1-7-8,4,560,560,0.012644960865588067,66.7871620343441,0.005706894873932525,0.0024574206058701983,0.002193901301396295,0.003245563890952996,0.004225455358586316
141,0-1-4-5,4,564,564,0.018893313742907134,66.80605534808701,0.004494494118976936,0.0024699570587216556,0.004102400779387949,0.00141245929197883,0.0018429675717328564
142,0-1-7-8,4,568,568,0.020993857932052544,66.82704920601907,0.004582699225769311,0.003100748649738241,0.004102400779387949,0.0024318429329615266,0.0022903291237241774
143,0-1-4-5,4,572,572,0.015893117660881324,66.84294232367995,0.005979963736273788,0.003291692295529747,0.0027478523302733038,0.0033691407782337965,0.004982666894349563
144,0-1-7-8,4,576,576,0.017674560063311927,66.86061688374326,0.007201979263674286,0.0030938012110401716,0.001998241916012944,0.004097394861173372,0.005710920977328726
145,0-1-4-5,4,580,580,0.020290605877528303,66.8809074896208,0.003929751868323135,0.00245241533519535,0.003166560235797533,0.0019387835067498677,0.0027827186286373262
146,0-1-7-8,4,584,584,0.01798254308355053,66.89889003270434,0.008270311829302029,0.003397190565923567,0.00738210175099141,0.0021362649187789476,0.0035170139815221546
147,0-1-4-5,4,588,588,0.016340557960986567,66.91523059066533,0.003332836126110141,0.002078974801579014,0.0021677612212727126,0.0018852586762914303,0.0025259459883741897
148,0-1-7-8,4,592,592,0.013176770750485607,66.92840736141582,0.00408778860430195,0.002202771710269372,0.004061134241879927,0.0013409631436658933,0.0025190141030861923
149,0-1-4-5,4,596,596,0.01966264152806224,66.94807000294388,0.005432346507067273,0.0036574568082689985,0.004061134241879927,0.003100692663176387,0.00479626128566224
150,0-1-7-8,4,600,600,0.019189250199438044,66.96725925314331,0.005432346507067273,0.0035480980249605093,0.0043611648322468,0.003100692663176387,0.004215087120250871
151,0-1-4-5,4,604,604,0.013299565694597722,66.9805588188379,0.004847317901382841,0.0028048521675648926,0.0043611648322468,0.002280425098672192,0.0036302142562405493
152,0-1-7-8,4,608,608,0.019790997233449282,67.00034981607135,0.0037735743750782523,0.002443275230124543,0.0026113238366320957,0.0020316236041966465,0.0018383206483250092
153,0-1-4-5,4,612,612,0.015821483029163565,67.0161712991005,0.004944397337411807,0.0033334832319037552,0.0019004788242540371,0.002823485461996627,0.0028234854620023953
154,0-1-7-8,4,616,616,0.021498065232612315,67.03766936433311,0.006509316645567728,0.003971111370539647,0.005180019541711545,0.003605640732236653,0.0036056407322391237
155,0-1-4-5,4,620,620,0.020127642761207584,67.05779700709432,0.006711540400066778,0.004058546422124293,0.0056923639020709516,0.0020372245319331557,0.003202849755304271
156,0-1-7-8,4,624,624,0.012316118536735591,67.07011312563105,0.006711540400066778,0.004682806009829951,0.0060058825367264035,0.0021935829163319326,0.003397900495563988
157,0-1-4-5,4,628,628,0.018148941245004158,67.08826206687606,0.006510430790744192,0.004133843484004804,0.0060058825367264035,0.002924034520885133,0.002601651670268268
158,0-1-7-8,4,632,632,0.008663340626482855,67.09692540750254,0.00574731354951015,0.0038322382370864255,0.005327164060219047,0.002645016950067128,0.002416963136866457
159,0-1-4-5,4,636,636,0.014664812684390759,67.11159022018693,0.006038497174887538,0.004154852513795847,0.006010266012623333,0.0020392389301085515,0.0019128785860402786
160,0-1-7-8,4,640,640,0.012885964950589234,67.12447618513751,0.008421953484656323,0.0045878658446953414,0.006065857864982149,0.003567351629105742,0.005554789879276711
161,0-1-4-5,4,644,644,0.02266395259979376,67.14714013773731,0.008421953484656323,0.005841170388148729,0.0068539704490007125,0.003994147667725489,0.005554789879276711
162,0-1-7-8,4,648,648,0.022271102212494846,67.16941123994981,0.01165410197253656,0.0060589957011171,0.006972963135908117,0.005350393846696352,0.005981553890578084
163,0-1-4-5,4,652,652,0.023520075915338466,67.19293131586515,0.01290233136745881,0.008502299741257244,0.009170259456851682,0.006321573216899173,0.005981553890578084
164,0-1-7-8,4,656,656,0.02866182362123986,67.22159313948639,0.013914897328346696,0.00858558870073276,0.010691281989792856,0.007343534768135844,0.007343534768153859
165,0-1-4-5,4,660,660,0.028049211178448944,67.24964235066484,0.011038497089784858,0.006948748730048074,0.009862696542313643,0.004484340759967218,0.004484340759979943
166,0-1-7-8,4,664,664,0.012627414698473827,67.26226976536331,0.011038497089784858,0.006731472352271115,0.008866442866747093,0.0051212908985384,0.005121290898564723
167,0-1-4-5,4,668,668,0.011686542780724254,67.27395630814404,0.011253325511268245,0.006944458579625423,0.008920488530918647,0.004533669175713486,0.004533669175728505
168,0-1-7-8,4,672,672,0.01537430228031705,67.28933061042436,0.011253325511268245,0.007173889825989941,0.008920488530918647,0.0060996804694650195,0.006099680469468183
169,0-1-4-5,4,676,676,0.020916699991243317,67.3102473104156,0.007683823901296444,0.004711610828969914,0.006954549224516882,0.004212402857669774,0.004212402857653785
170,0-1-7-8,4,680,680,0.01698330594572369,67.32723061636133,0.005989252034823648,0.004087973011247768,0.004779806927459163,0.002602081494470812,0.0026020814944800463
171,0-1-4-5,4,684,684,0.010463686011819611,67.33769430237315,0.0061231879829414405,0.004025756083529162,0.004779806927459163,0.0033434582100577543,0.0020872122128068327
172,0-1-7-8,4,688,688,0.0198195695921867,67.35751387196534,0.007509716342704621,0.004919996964229863,0.005148562003085999,0.003966702823969096,0.003966702823980484
173,0-1-4-5,4,692,692,0.02064034891145031,67.3781542208768,0.005450862170701375,0.003072439619651124,0.0030398939865818875,0.0030800036216753384,0.0032733048528967856
174,0-1-7-8,4,696,696,0.012239144913919715,67.39039336579071,0.0032814649819497507,0.002071610349346094,0.002610553917975267,0.0018454336279123003,0.002979668558289461
175,0-1-4-5,4,700,700,0.01473594729143015,67.40512931308214,0.004647284932504792,0.002274162093214527,0.001882642113514521,0.0026626979440659707,0.0033942199469336742
176,0-1-7-8,4,704,704,0.01599977362053189,67.42112908670268,0.008528746189351009,0.004249764676738518,0.006109287744962444,0.004271151099214361,0.007680801288707073
177,0-1-4-5,4,708,708,0.028932613063218274,67.4500616997659,0.008528746189351009,0.005645778416599252,0.006109287744962444,0.004271151099214361,0.007680801288707073
178,0-1-7-8,4,712,712,0.02833635844954417,67.47839805821545,0.010087471693711495,0.005224905574451981,0.005745357428651232,0.005533352512244295,0.005533352512237855
179,0-1-4-5,4,716,716,0.0134955532734669,67.49189361148892,0.009646926515111785,0.005398480014875318,0.005050021718787434,0.005012324086279515,0.005012324086273168
180,0-1-7-8,4,720,720,0.019026084339005933,67.51091969582792,0.011078979153339944,0.006193040038816881,0.0053134828970087256,0.005958459311633062,0.0059584593116071005
181,0-1-4-5,4,724,724,0.024345991628377195,67.5352656874563,0.009026649587184488,0.004623102527263056,0.0053134828970087256,0.00517188154662022,0.005171881546615964
182,0-1-7-8,4,728,728,0.01870499622241724,67.55397068367871,0.005387837374880173,0.0029971935564858587,0.00317785688186234,0.002968781366899636,0.002645728983587503
183,0-1-4-5,4,732,732,0.015875546320045925,67.56984622999876,0.004747479749284422,0.0028644004898820633,0.003994269962291241,0.0023614766387869686,0.0033415078166427747
184,0-1-7-8,4,736,736,0.01474545600643883,67.5845916860052,0.005545842806791321,0.00329349793824189,0.003994269962291241,0.002979445450243226,0.003913438439290928
185,0-1-4-5,4,740,740,0.01767825158815772,67.60226993759335,0.005545842806791321,0.00311401635423277,0.003153983549680106,0.002979445450243226,0.005029905243233657
186,0-1-7-8,4,744,744,0.025563746769520432,67.62783368436287,0.008174590818366145,0.003938394582756864,0.0041484434360370415,0.004519536125880473,0.004519536125869195
187,0-1-4-5,4,748,748,0.019014999833846153,67.64684868419671,0.010014210106536879,0.0046134336301802865,0.0041484434360370415,0.005503864689059361,0.005503864689060833
188,0-1-7-8,4,752,752,0.02341817099548809,67.6702668551922,0.006924038492018081,0.0034015091546013357,0.0018963031393326446,0.003895805100530809,0.003895805100519567
189,0-1-4-5,4,756,756,0.01194968183766703,67.68221653702986,0.006334746158357921,0.003058609893837795,0.0020234077555301155,0.003626053861687751,0.003626053861680134
190,0-1-7-8,4,760,760,0.02165415171433362,67.70387068874419,0.006170707131566233,0.0033114854394802485,0.0037222361874000853,0.0030433291301563605,0.0030433291301719123
191,0-1-4-5,4,764,764,0.012379729909689467,67.71625041865389,0.008429843744156144,0.00410410269027021,0.0037222361874000853,0.004744416617936857,0.00474441661793179
192,0-1-7-8,4,768,768,0.020534702829377634,67.73678512148327,0.006035185948125594,0.002754929302200707,0.002059244242900604,0.003456628403512228,0.0023923903748936937
193,0-1-4-5,4,772,772,0.017195205967356048,67.75398032745062,0.006035185948125594,0.003632620225429085,0.0035789053206229937,0.003456628403512228,0.003848031405894403
194,0-1-7-8,4,776,776,0.029630181992266854,67.78361050944288,0.005895192459242159,0.0034553196666246943,0.00534597797515346,0.0030126955979715166,0.004436371056399935
195,0-1-4-5,4,780,780,0.016264404467920258,67.7998749139108,0.005895192459242159,0.0037471635538317088,0.00534597797515346,0.0030126955979715166,0.004436371056399935
196,0-1-7-8,4,784,784,0.021624661072216337,67.82149957498301,0.0045822622648843455,0.0025932291609722423,0.002006502976527713,0.002587612784316046,0.0032909097526214737
197,0-1-4-5,4,788,788,0.014605840035299359,67.83610541501831,0.004243027925087998,0.002086667480959716,0.0010195074239192081,0.0023650815879580206,0.003192980003589696
198,0-1-7-8,4,792,792,0.011167542338234186,67.84727295735654,0.006227483187193627,0.0030488113828408816,0.0026802704825286128,0.003393583489098358,0.0043964894691796985
199,0-1-4-5,4,796,796,0.01846557849211359,67.86573853584865,0.0034011551330911903,0.0020748910219706746,0.0026802704825286128,0.0018185754896279996,0.0024380476786305394
200,0-1-7-8,4,800,800,0.02692059508035365,67.892659130929,0.005949778721594752,0.0030276937502869564,0.0016553374248076125,0.0033973668304926063,0.0036388214383720197
201,0-1-4-5,4,804,804,0.008302361484045125,67.90096149241305,0.005529398463262984,0.00292344137090332,0.0016553374248076125,0.003133378764925469,0.003985296415024209
202,0-1-7-8,4,808,808,0.013554076017015271,67.91451556843006,0.0026241200567672647,0.001689128714086096,0.001504487397852472,0.0014973114690134345,0.00187771860138497
203,0-1-4-5,4,812,812,0.0142999841121176,67.92881555254218,0.00825481239872848,0.0034551734712274917,0.0008980473340471917,0.004701565918270581,0.004701565918260542
204,0-1-7-8,4,816,816,0.012661706180370977,67.94147725872254,0.004170037022786247,0.002091517811736532,0.0020149999195524515,0.0022495776689434657,0.002249577668941072
205,0-1-4-5,4,820,820,0.013150542639772249,67.95462780136232,0.004157040537829296,0.002265664165555032,0.0029569523292849453,0.0016740927229430766,0.0014461336318518647
206,0-1-7-8,4,824,824,0.013488415802395574,67.96811621716472,0.005800518968907584,0.003531127998312673,0.0037200319266474935,0.003057995661321538,0.00327548181801518
207,0-1-4-5,4,828,828,0.015240298750294088,67.98335651591502,0.006413550358831938,0.0039017958908563305,0.0037200319266474935,0.0033030614984490645,0.004082493456650127
208,0-1-7-8,4,832,832,0.033336988751231394,68.01669350466625,0.009349699538503444,0.004689623740858813,0.005544983661621927,0.004313078302234213,0.004436946497847316
209,0-1-4-5,4,836,836,0.018379050364869854,68.03507255503112,0.00829280722971812,0.0031856661144295663,0.0039011264031216797,0.004192774059058902,0.004316642254671876
210,0-1-7-8,4,840,840,0.016316771152078316,68.0513893261832,0.0025110169814500705,0.0017248675742838626,0.0018136538952546744,0.0014160616078541612,0.001175095681034577
211,0-1-4-5,4,844,844,0.01589127119593487,68.06728059737914,0.0038552118454344827,0.002196649625588007,0.0022713510176401996,0.002080275165948485,0.0021409858414997984
212,0-1-7-8,4,848,848,0.011632342909918422,68.07891294028906,0.003240986230572205,0.0022779174004637,0.002354388145377584,0.00155833853228908,0.0023596282038695904
213,0-1-4-5,4,852,852,0.010415620535004347,68.08932856082406,0.0034328421345701447,0.002005791558217884,0.001459220862273014,0.0017812209036128168,0.0027924293317269644
214,0-1-7-8,4,856,856,0.019056042124734295,68.10838460294879,0.0048559163579666945,0.0026302037398737454,0.003063849530562379,0.0021585522114494255,0.003182965828649742
215,0-1-4-5,4,860,860,0.009870001015104553,68.11825460396389,0.005813881918052456,0.0028142505940095936,0.00207460335339249,0.003223036251093238,0.004500749441795904
216,0-1-7-8,4,864,864,0.011314416120660541,68.12956902008455,0.005813881918052456,0.0036713355128739776,0.00506134280917081,0.003223036251093238,0.004033449100170117
217,0-1-4-5,4,868,868,0.017763533123301013,68.14733255320785,0.006502876515683551,0.003574576648766621,0.00506134280917081,0.0023430224299356237,0.002271708146381002
218,0-1-7-8,4,872,872,0.014458856966391294,68.16179141017423,0.009317590200845985,0.0045801866763223375,0.008900663529558983,0.003154903573426051,0.0031549035734244057
219,0-1-4-5,4,876,876,0.010690140056542967,68.17248155023077,0.009317590200845985,0.005109347943614218,0.008900663529558983,0.0028094110106521766,0.003355143657401527
220,0-1-7-8,4,880,880,0.027710555260947865,68.20019210549172,0.009211027125431953,0.005044146108765911,0.005063933579165791,0.004408521931262146,0.004785704242948441
221,0-1-4-5,4,884,884,0.025544061824505655,68.22573616731623,0.009211027125431953,0.0052089351071951335,0.005063933579165791,0.004408521931262146,0.003344626137554485
222,0-1-7-8,4,888,888,0.012167757112253891,68.23790392442848,0.009131239543501606,0.005869416280027221,0.005194632457062198,0.005139168288786379,0.004284445513981439
223,0-1-4-5,4,892,892,0.01806151691025372,68.25596544133873,0.009426394432575895,0.005507288597207467,0.003759335217708326,0.005139168288786379,0.004952925035603073
224,0-1-7-8,4,896,896,0.020114900266043016,68.27608034160477,0.008008042322549352,0.004117086417047409,0.003608179257383881,0.004207578956082608,0.004207578956069824
225,0-1-4-5,4,900,900,0.014313250042519883,68.29039359164729,0.005475516212104848,0.0032816122989808207,0.003608179257383881,0.002371796290017105,0.0027005687253733868
226,0-1-7-8,4,904,904,0.012907473324396507,68.30330106497168,0.005771557959213706,0.0032644907643776303,0.00570951808514053,0.0022294862615548396,0.0029064249748387283
227,0-1-4-5,4,908,908,0.022543177347550715,68.32584424231923,0.005771557959213706,0.003652703405166861,0.00570951808514053,0.0027833640421025025,0.004413162735495746
228,0-1-7-8,4,912,912,0.014713819065819797,68.34055806138505,0.005736904689871627,0.003647332637577804,0.004477444303134348,0.0032018474369235393,0.0031949734494034487
229,0-1-4-5,4,916,916,0.016278202094560223,68.35683626347961,0.008098329940035605,0.004815317731477391,0.005154890900968212,0.0043077349009060404,0.0043077349008910915
230,0-1-7-8,4,920,920,0.019475030809009426,68.37631129428861,0.011230863299906123,0.005330324545591526,0.005154890900968212,0.006314777164291779,0.0063147771642917405
231,0-1-4-5,4,924,924,0.015850270092224197,68.39216156438084,0.008165041213395327,0.0045203302010152335,0.002537134095689453,0.0044466979776839055,0.004122121607551321
232,0-1-7-8,4,928,928,0.02413933948872807,68.41630090386957,0.009693660050610559,0.006289064000515005,0.0074325593396196155,0.004181218616589278,0.005226414080709674
233,0-1-4-5,4,932,932,0.017780383386759954,68.43408128725633,0.0131201217474764,0.006823919542859934,0.0074325593396196155,0.006635454036217596,0.005226414080709674
234,0-1-7-8,4,936,936,0.019487585761618485,68.45356887301796,0.009073468757584713,0.004947142063737395,0.007745408809341825,0.0036410329076675975,0.00495953994648346
235,0-1-4-5,4,940,940,0.018295658011921796,68.47186453102988,0.011440014163405844,0.006406549866748691,0.007745408809341825,0.005943949571839462,0.0047086754176390855
236,0-1-7-8,4,944,944,0.023295920986535153,68.49516045201642,0.007851609904890852,0.005205765097668282,0.005068064131293681,0.0034360430771513428,0.0047086754176390855
237,0-1-4-5,4,948,948,0.02298210845961291,68.51814256047604,0.007101947864694221,0.004485040795948733,0.005505833277453576,0.003454171437514016,0.0034541714375109223
238,0-1-7-8,4,952,952,0.02181895904483681,68.53996151952087,0.005510928795026255,0.00328431284793799,0.004556761577461543,0.0030483038185586423,0.003048303818552256
239,0-1-4-5,4,956,956,0.013276855800233916,68.5532383753211,0.0032613328973001184,0.0026847553356108126,0.0030066801736836624,0.0018559868659991307,0.0018559868660119605
240,0-1-7-8,4,960,960,0.014059963300885466,68.56729833862198,0.005116280289357804,0.003052515774192227,0.0027954157661298495,0.0029306580496726077,0.002778114521952091
241,0-1-4-5,4,964,964,0.015406617115945287,68.58270495573792,0.005018228818114418,0.0027473556172775155,0.005001298942303833,0.0020041194426883326,0.0026737587881839886
242,0-1-7-8,4,968,968,0.014882893079915051,68.59758784881784,0.005018228818114418,0.002722918069874372,0.005001298942303833,0.0019760137723377723,0.0019783199097460624
243,0-1-4-5,4,972,972,0.011788631953056232,68.60937648077089,0.00493040358746095,0.0025149849672833793,0.003614266157157431,0.0019497602656915268,0.003871139290659187
244,0-1-7-8,4,976,976,0.018022187550652678,68.62739866832155,0.003888849465005867,0.002679706928129441,0.0020263685558461475,0.002194779335205128,0.003373690271388341
245,0-1-4-5,4,980,980,0.01887600200711973,68.64627467032867,0.0067233537863389484,0.0032350433218423587,0.0017461606982607236,0.003732105854965031,0.004809884107878304
246,0-1-7-8,4,984,984,0.01577794421592362,68.66205261454459,0.0056724792189572805,0.0035663422428519505,0.0043033541900285854,0.002748409650329467,0.005094452751713163
247,0-1-4-5,4,988,988,0.01686635449936635,68.67891896904396,0.0056724792189572805,0.003630512602355506,0.0043033541900285854,0.002523740783399702,0.004551728562255164
248,0-1-7-8,4,992,992,0.014404564399088094,68.69332353344305,0.0039795024129213475,0.0024971455541384704,0.001391918975855333,0.002222360317693885,0.003812956043546478
249,0-1-4-5,4,996,996,0.01709601523069996,68.71041954867376,0.009006817830030064,0.003969667241249323,0.0015700475288866755,0.005157609320294345,0.0061526774839251175
250,0-1-7-8,4,1000,1000,0.024481997316391127,68.73490154599014,0.005086519547675414,0.002813897578281171,0.004804892881253409,0.002882973878155574,0.0038780420418049744
251,0-1-4-5,4,1004,1004,0.023768247224145375,68.75866979321428,0.00532039564520769,0.003718064657647991,0.004804892881253409,0.0029476072406332335,0.004647367077168951
252,0-1-7-8,4,1008,1008,0.026633415742575293,68.78530320895686,0.0054378893558513315,0.003119659398363427,0.004513213892181511,0.0026997641367204105,0.0030257577578254313
253,0-1-4-5,4,1012,1012,0.02305119121135246,68.80835440016821,0.00405397660810033,0.0023586456182343955,0.003984687807445653,0.0018924666812620548,0.002320083478743129
254,0-1-7-8,4,1016,1016,0.019509405677879874,68.82786380584609,0.007270488416323935,0.003929462342876137,0.004756902511402927,0.003899458070835997,0.004027477963020942
255,0-1-4-5,4,1020,1020,0.016653876312071936,68.84451768215817,0.005261047124704306,0.0031398768263815485,0.005028528411358479,0.0018847760957930548,0.0020127959879800983
256,0-1-7-8,4,1024,1024,0.021889696577795176,68.86640737873597,0.006523438252965505,0.00441740537841354,0.005259005793661231,0.0034807055735071382,0.004820875165158611
257,0-1-4-5,4,1028,1028,0.02186997840582528,68.8882773571418,0.006523438252965505,0.005061635174145576,0.0060016238442415215,0.0026662707067869793,0.004820875165158611
258,0-1-7-8,4,1032,1032,0.020230157528719345,68.90850751467052,0.006355120891088273,0.0044366982753386444,0.0060016238442415215,0.002262861966284625,0.004366604057516099
259,0-1-4-5,4,1036,1036,0.02160127319463331,68.93010878786515,0.008374009928924439,0.00500880861814001,0.0063918398609388305,0.0035523286712938525,0.004982726274427307
260,0-1-7-8,4,1040,1040,0.023792153485639442,68.9539009413508,0.008374009928924439,0.005071003532520192,0.00562906876261593,0.004275205758614489,0.004275205758631273
261,0-1-4-5,4,1044,1044,0.027441806390274482,68.98134274774107,0.007006636896930403,0.0037758885172240646,0.0032883578662676882,0.0038576539697093132,0.004240955602227814
262,0-1-7-8,4,1048,1048,0.026620371513362804,69.00796311925443,0.005568276857657208,0.0027383181503939946,0.0011301258605982412,0.003188890139330068,0.004534995812583986
263,0-1-4-5,4,1052,1052,0.017248621518146004,69.02521174077258,0.004588774150058907,0.002375845475178003,0.001938303102420491,0.0025269015710101535,0.0038730072442518804
264,0-1-7-8,4,1056,1056,0.027519165984327916,69.0527309067569,0.006887442736198048,0.004073340372754935,0.0046826333907574735,0.0038856943480558175,0.003885694348056745
265,0-1-4-5,4,1060,1060,0.018130737906884974,69.0708616446638,0.012581242462548546,0.005462942508153752,0.0046826333907574735,0.007180075151004876,0.007180075150998277
266,0-1-7-8,4,1064,1064,0.026994046514371976,69.09785569117817,0.004504570018287652,0.0027401168559635387,0.003698549280983343,0.002163170698820822,0.002032669735598347
267,0-1-4-5,4,1068,1068,0.01686552631021052,69.11472121748838,0.0043358730041936685,0.003162629876458555,0.003933863837701779,0.0024259173309462453,0.0028081676855791216
268,0-1-7-8,4,1072,1072,0.01092909167432994,69.12565030916271,0.007354052310181121,0.0038198493613616344,0.003933863837701779,0.0038113372177559245,0.004308704545266551
269,0-1-4-5,4,1076,1076,0.026917735499038947,69.15256804466175,0.005432371791609584,0.002655320755290678,0.003465333040594487,0.003079716605214884,0.004137514860708791
270,0-1-7-8,4,1080,1080,0.017422025213763594,69.16999006987551,0.0063932387813174976,0.003144828711768944,0.0030804289855410616,0.0032098641156312543,0.005396202589480481
271,0-1-4-5,4,1084,1084,0.013542189585515396,69.18353225946103,0.003819475864123179,0.0022314141062347867,0.0017108614330538785,0.002186338473858211,0.0024677021562737878
272,0-1-7-8,4,1088,1088,0.014279877518834978,69.19781213697986,0.003683006057216402,0.002263367555152441,0.0017108614330538785,0.0019066024750232025,0.0037215527018759076
273,0-1-4-5,4,1092,1092,0.010987437027798709,69.20879957400766,0.0039567714212807,0.0021282025266023373,0.0037893751095765538,0.002141333479980431,0.0033480296348926686
274,0-1-7-8,4,1096,1096,0.0174371750397063,69.22623674904736,0.0039567714212807,0.0025985821443025455,0.0037893751095765538,0.0020468110529941077,0.0024057460505133577
275,0-1-4-5,4,1100,1100,0.013013029346326832,69.23924977839368,0.0035514523679797128,0.0020131978442019982,0.0031911655290457475,0.0013870694063832407,0.0015198003302856478
276,0-1-7-8,4,1104,1104,0.019754945543160603,69.25900472393684,0.005500499757207804,0.0037066585716148156,0.003569930174478486,0.002947623626647397,0.004964845424552777
277,0-1-4-5,4,1108,1108,0.01784178244618353,69.27684650638302,0.006053164579081305,0.0044018230855539945,0.00434744263705511,0.0028872415663247115,0.004964845424552777
278,0-1-7-8,4,1112,1112,0.022963615652370626,69.2998101220354,0.006053164579081305,0.0038318810271473214,0.00434744263705511,0.00310987344286129,0.0031098734428525177
279,0-1-4-5,4,1116,1116,0.017673138297772308,69.31748326033316,0.005818242594591008,0.0029743497822880107,0.003981869333358645,0.0024305803597722895,0.0016191590503638054
280,0-1-7-8,4,1120,1120,0.016978734060256486,69.33446199439342,0.004336011786086257,0.0020822796632437583,0.0033374866242326107,0.0015859576845891248,0.0016286856623324297
281,0-1-4-5,4,1124,1124,0.02045342223831961,69.35491541663174,0.004336011786086257,0.002748682507603254,0.0033374866242326107,0.0023472648907846947,0.003561409920848746
282,0-1-7-8,4,1128,1128,0.014171604114879829,69.36908702074662,0.007424180786260521,0.0036907846680445016,0.00586879859400824,0.0031074427275838644,0.0057126340061444125
283,0-1-4-5,4,1132,1132,0.022797500823226798,69.39188452156985,0.007424180786260521,0.004897204585849012,0.00586879859400824,0.0040667843041959926,0.0057126340061444125
284,0-1-7-8,4,1136,1136,0.019857367928252573,69.4117418894981,0.00993299098483494,0.00481782395450139,0.0036681875244823914,0.005570962600435592,0.005570962600430107
285,0-1-4-5,4,1140,1140,0.007936036989206124,69.41967792648731,0.008436296620456255,0.0041429104411181,0.002650663132769182,0.004744406258743036,0.004744406258730294
286,0-1-7-8,4,1144,1144,0.016686266989476423,69.43636419347679,0.00702430183858945,0.003379916385604273,0.0023360190543542103,0.003795507276480924,0.0049601721044965075
287,0-1-4-5,4,1148,1148,0.012879784165164129,69.44924397764196,0.0071678068177346765,0.0042653675699506855,0.003458509615825278,0.003795507276480924,0.0049601721044965075
288,0-1-7-8,4,1152,1152,0.01537101873960088,69.46461499638156,0.007186721652117124,0.00433403767340192,0.006568942886929108,0.0037605533000374413,0.0033229339292830673
289,0-1-4-5,4,1156,1156,0.02011902699173703,69.48473402337329,0.007186721652117124,0.0043623867082450574,0.006568942886929108,0.0032895160840314443,0.003152730642057122
290,0-1-7-8,4,1160,1160,0.022295444589578304,69.50702946796287,0.005346162639509135,0.0033364528157407876,0.003547843226499481,0.0024625273392889445,0.002335540390234314
291,0-1-4-5,4,1164,1164,0.01982126655359529,69.52685073451646,0.004120957971315865,0.0031739786674420795,0.003547843226499481,0.0021734223764067503,0.003694832521048852
292,0-1-7-8,4,1168,1168,0.013895932846196135,69.54074666736265,0.005335868813837171,0.0030244345460978873,0.0031671336724343746,0.002785557116461016,0.002785557116467885
293,0-1-4-5,4,1172,1172,0.014698789921666087,69.55544545728432,0.003430214519326705,0.002350329988601634,0.0031671336724343746,0.0014253384330133359,0.0016206388538719807
294,0-1-7-8,4,1176,1176,0.018684711527874077,69.57413016881219,0.004834410002074563,0.0029116109221472525,0.003510222029490251,0.0023566920161850074,0.003343592677524043
295,0-1-4-5,4,1180,1180,0.015799013807487983,69.58992918261968,0.004056857163278105,0.00241128468439553,0.003510222029490251,0.0023186844271295077,0.0017474727208082186
296,0-1-7-8,4,1184,1184,0.024083938580010553,69.61401312119969,0.005729379471648855,0.0038738904546183357,0.0052500928681809,0.003257258036038278,0.0026695538811196684
297,0-1-4-5,4,1188,1188,0.01594432232004965,69.62995744351974,0.005729379471648855,0.0034995082902479217,0.0052500928681809,0.00234494535719038,0.0037151991956605457
298,0-1-7-8,4,1192,1192,0.023976393656936136,69.65393383717668,0.005063437479374068,0.002680823192951901,0.0029813907960658526,0.002696238751592826,0.003290490921429523
299,0-1-4-5,4,1196,1196,0.013321599770252903,69.66725543694693,0.0059446673283404345,0.0029544177866349533,0.0026713765689407865,0.003042808894409556,0.003385014783837903
300,0-1-7-8,4,1200,1200,0.017187194531644526,69.68444263147857,0.006365855312257656,0.0034280236769536902,0.002425155560104031,0.0035259598771228465,0.0035832155999386828
301,0-1-4-5,4,1204,1204,0.017526325559795584,69.70196895703837,0.008664923988052632,0.003728811916956279,0.0020786279960702814,0.004834401462364437,0.006065563088178294
302,0-1-7-8,4,1208,1208,0.019755781045383943,69.72172473808376,0.010525089119161125,0.003918298744008809,0.0020786279960702814,0.005921533141041029,0.007152694766908496
303,0-1-4-5,4,1212,1212,0.0155753260592736,69.73730006414304,0.007880287001808749,0.0038291398223960368,0.002245218244553371,0.004452027869186235,0.006545159287362878
304,0-1-7-8,4,1216,1216,0.035042103583480845,69.77234216772652,0.007140874850963319,0.00462552902673727,0.004333495467619741,0.0037467710572181294,0.004335688220606926
305,0-1-4-5,4,1220,1220,0.01760342130025948,69.78994558902679,0.006971543643417172,0.004218375975384566,0.004333495467619741,0.0033440191993458035,0.004335688220606926
306,0-1-7-8,4,1224,1224,0.01715280413689906,69.80709839316368,0.0050063812048205805,0.003353775738086328,0.003760458671621336,0.002019903813764634,0.0025915114763819247
307,0-1-4-5,4,1228,1228,0.021821335848387757,69.82891972901207,0.007227001831383489,0.0039900461977970285,0.003760458671621336,0.003753396279663694,0.004979267762109885
308,0-1-7-8,4,1232,1232,0.022698084434670154,69.85161781344674,0.007937219397088836,0.004391298144324121,0.004229184134544539,0.003848278419776604,0.0038293288715962603
309,0-1-4-5,4,1236,1236,0.025368837671064622,69.8769866511178,0.0075094256093292825,0.004197684834276419,0.004200074825860156,0.004042453237441748,0.004557159036181702
310,0-1-7-8,4,1240,1240,0.01421843117614382,69.89120508229395,0.005668080928685318,0.0032036246282166046,0.0018813665690942116,0.0032325251325350237,0.0038789792120894617
311,0-1-4-5,4,1244,1244,0.014678991700939987,69.90588407399488,0.006423011848292501,0.003977702995809375,0.0018813665690942116,0.003593643070533007,0.004922985181714523
312,0-1-7-8,4,1248,1248,0.020696622110957814,69.92658069610584,0.0072630064987823885,0.003344425882311525,0.0023138906159942962,0.004061148170899713,0.004030271166065802
313,0-1-4-5,4,1252,1252,0.02019272372572242,69.94677341983157,0.004241645271988552,0.0021976112699426823,0.0023138906159942962,0.0023962024902003678,0.0022501649688919656
314,0-1-7-8,4,1256,1256,0.02161702200809653,69.96839044183967,0.004325152526321119,0.0026778231951703406,0.0021024882386058152,0.0023962024902003678,0.0031305864322135335
315,0-1-4-5,4,1260,1260,0.014567873390944397,69.98295831523062,0.004107799721391977,0.002722097597142857,0.0030088131227898884,0.0023452756908209295,0.0031305864322135335
316,0-1-7-8,4,1264,1264,0.019891827344597414,70.00285014257521,0.006091632199522311,0.003832901730074858,0.006090155685114951,0.0023803016643611816,0.0023803016643526576
317,0-1-4-5,4,1268,1268,0.01879181165732262,70.02164195423254,0.007708975801208899,0.005643101074647341,0.007374127223783944,0.004311916438535521,0.004311916438538788
318,0-1-7-8,4,1272,1272,0.02039095748452626,70.04203291171706,0.008209485303192321,0.005229838561172619,0.00792972697638561,0.0032665682304067263,0.0029791810423915877
319,0-1-4-5,4,1276,1276,0.014684616082616786,70.05671752779968,0.008571996319969745,0.0051752331462260135,0.007297517042815116,0.003887282725562182,0.0035998955375333708
320,0-1-7-8,4,1280,1280,0.02326383775809908,70.07998136555777,0.00499416558847064,0.003455706483313915,0.004505575128519013,0.002515297998224313,0.002515297998193944
321,0-1-4-5,4,1284,1284,0.0146380563268893,70.09461942188466,0.004406152118793008,0.0029955752329437926,0.0040213254441994195,0.0018519641598762216,0.002514501420769477
322,0-1-7-8,4,1288,1288,0.02620053049002693,70.12081995237469,0.009732763960959952,0.0045247454692633055,0.005713319586746479,0.004514424848608285,0.005192976642128144
323,0-1-4-5,4,1292,1292,0.013568704497608856,70.1343886568723,0.008514922581846303,0.004145766833188257,0.006819572251814066,0.002921273968983354,0.004729184815943199
324,0-1-7-8,4,1296,1296,0.015512315559724361,70.14990097243202,0.00623042887034942,0.00394380412740519,0.004831838947623623,0.0031983918677192117,0.0037024128019567115
325,0-1-4-5,4,1300,1300,0.01939329198785391,70.16929426441988,0.009357838897192607,0.004749013348520432,0.0056093063249704755,0.005205936211584078,0.005205936211567064
326,0-1-7-8,4,1304,1304,0.017120136126061936,70.18641440054594,0.010887135097074221,0.005131283433055228,0.0056093063249704755,0.0059553650548654375,0.0059553650548664905
327,0-1-4-5,4,1308,1308,0.026401523352992385,70.21281592389893,0.005081328747181796,0.003458697639224267,0.0040207071953091145,0.0027925606907197114,0.0031071741764350236
328,0-1-7-8,4,1312,1312,0.013556369284475855,70.2263722931834,0.00477318312143827,0.003357701138025973,0.0040207071953091145,0.00251674352450127,0.0028313570102511676
329,0-1-4-5,4,1316,1316,0.013663307226454063,70.24003560040985,0.003836508194859878,0.00227699765110669,0.002401678361309223,0.0017141419977301394,0.0029881971311382927
330,0-1-7-8,4,1320,1320,0.020773478799353838,70.26080907920921,0.003836508194859878,0.0021277861110800484,0.002401678361309223,0.0017141419977301394,0.0016157882762470877
331,0-1-4-5,4,1324,1324,0.01958738156630211,70.2803964607755,0.004497395296315275,0.002750763029216533,0.002395236417427782,0.0023458620951326606,0.004681686777459504
332,0-1-7-8,4,1328,1328,0.01690578685461039,70.29730224763011,0.006343622277806971,0.0032736856434765755,0.0022009225766623786,0.003408819823326607,0.004517560875470394
333,0-1-4-5,4,1332,1332,0.012345680836954805,70.30964792846707,0.004770875226629248,0.0022585618193287126,0.0023682877810387026,0.0027149735274776196,0.0036282210898619383
334,0-1-7-8,4,1336,1336,0.011884806301092917,70.32153273476817,0.003843021973541211,0.0022931704341043963,0.003276288194740573,0.002020298096161943,0.0020202980961698813
335,0-1-4-5,4,1340,1340,0.013912274387238958,70.3354450091554,0.0059907669754318185,0.003256554630913239,0.0031316320971086498,0.002926090051952891,0.004095690496214388
336,0-1-7-8,4,1344,1344,0.028868560371932177,70.36431356952734,0.009476675213957468,0.0056349738818119305,0.004096944573021233,0.005252031611485855,0.005252031611490793
337,0-1-4-5,4,1348,1348,0.017391528404856284,70.3817050979322,0.008343924570898623,0.004614579009951121,0.004096944573021233,0.004724221877685296,0.004446972311306752
338,0-1-7-8,4,1352,1352,0.023503627466622476,70.40520872539882,0.006538420199899536,0.00351987600893279,0.0036183847322917018,0.003733175595653041,0.004139855388153535
339,0-1-4-5,4,1356,1356,0.010113935835864202,70.41532266123468,0.007792582623907998,0.004089423268646156,0.0036183847322917018,0.004453459655670524,0.004825887247129401
340,0-1-7-8,4,1360,1360,0.024611467241957695,70.43993412847664,0.004803255378453168,0.0025377584271172268,0.004802221622426828,0.0026076670653188755,0.0026647597809486
341,0-1-4-5,4,1364,1364,0.012505196658009025,70.45243932513465,0.004803255378453168,0.002974836952630768,0.004802221622426828,0.0026076670653188755,0.002779942316614381
342,0-1-7-8,4,1368,1368,0.02026836912121879,70.47270769425587,0.004425075981587141,0.002890154840641157,0.004403897211901153,0.0022672468773842136,0.0033738247430505908
343,0-1-4-5,4,1372,1372,0.015604465365889301,70.48831215962176,0.004425075981587141,0.0024061905527797676,0.004403897211901153,0.001423959096013077,0.002160035755963463
344,0-1-7-8,4,1376,1376,0.01900834667689396,70.50732050629865,0.004010142356699607,0.0019582367270837378,0.0015133555110651287,0.0022745343759681025,0.003698493471958386
345,0-1-4-5,4,1380,1380,0.011114678396940386,70.51843518469559,0.002367721928498182,0.001421087629607824,0.0023598969130347314,0.0011573312681740762,0.0020150916585564005
346,0-1-7-8,4,1384,1384,0.021383264240470046,70.53981844893606,0.005382925464119092,0.0029046561533412024,0.0032938761868450683,0.002852000541640672,0.0029622030770681818
347,0-1-4-5,4,1388,1388,0.009095338465455207,70.54891378740152,0.005321844402256857,0.0030449821699878774,0.0032938761868450683,0.0029148126155340874,0.0029148126155362775
348,0-1-7-8,4,1392,1392,0.018531326582487715,70.56744511398401,0.0040695872893431575,0.0021716247893143878,0.002868778890729118,0.0019881149873040706,0.0024185280529778197
349,0-1-4-5,4,1396,1396,0.0186762012378728,70.58612131522187,0.004572637166134084,0.002803070129151116,0.0036256803802672266,0.0021108579939087078,0.0029054139946396162
350,0-1-7-8,4,1400,1400,0.0167514117584287,70.60287272698031,0.007952056833314463,0.004040050712898124,0.005365888475594716,0.003362466694555104,0.0031346576677364624
351,0-1-4-5,4,1404,1404,0.015641427125945125,70.61851415410625,0.007952056833314463,0.005034089036907171,0.005553943989781374,0.003362466694555104,0.002585880713937172
352,0-1-7-8,4,1408,1408,0.014736627711878138,70.63325078181813,0.010281640742031696,0.005635014065722455,0.008165884898815534,0.003946280019270657,0.0042025491559769534
353,0-1-4-5,4,1412,1412,0.015449304360433059,70.64870008617856,0.010281640742031696,0.00680959123460198,0.008165884898815534,0.005554356043938914,0.005554356043937503
354,0-1-7-8,4,1416,1416,0.02479583196292864,70.6734959181415,0.008626406913852932,0.006124408871714227,0.006744546716760169,0.0041830995515912415,0.004183099551582359
355,0-1-4-5,4,1420,1420,0.018167522838156133,70.69166344097965,0.008142034187209393,0.005029036764209581,0.00679108960252961,0.0028370065829304795,0.0028370065829150803
356,0-1-7-8,4,1424,1424,0.020714917215881215,70.71237835819554,0.008142034187209393,0.004342300580418472,0.00679108960252961,0.0033766808858340398,0.003419029258495243
357,0-1-4-5,4,1428,1428,0.02081462248559567,70.73319298068114,0.005011203737631434,0.0030232569812422548,0.003969020722720984,0.0026669249377249587,0.0027255419104292855
358,0-1-7-8,4,1432,1432,0.022958184746885876,70.75615116542802,0.008044241140082838,0.00408526528281974,0.005018682394918983,0.003601925467943696,0.004478399430951185
359,0-1-4-5,4,1436,1436,0.019976071637645545,70.77612723706567,0.008044241140082838,0.004131299765079668,0.005197896058504625,0.003601925467943696,0.004270120135807076
360,0-1-7-8,4,1440,1440,0.017334326342251266,70.79346156340792,0.007344530826456211,0.004394851717004559,0.005586355554171973,0.004112463822757174,0.004112463822778523
361,0-1-4-5,4,1444,1444,0.010545774799221672,70.80400733820714,0.008658061021716157,0.004480862703725874,0.005985217079171434,0.004747216192343911,0.0047472161923280964
362,0-1-7-8,4,1448,1448,0.019429379641996355,70.82343671784913,0.006211510910737859,0.004349163000619812,0.005716981953369782,0.003253730931528277,0.003253730931554344
363,0-1-4-5,4,1452,1452,0.012730239811487775,70.83616695766062,0.006597049721669704,0.004388614828104718,0.005958107169917071,0.0035048894493559454,0.003550166319783443
364,0-1-7-8,4,1456,1456,0.01851998507637675,70.854686942737,0.0073402331139925505,0.0039627171259123545,0.00504561225771738,0.0030544285579523073,0.0023686726117517765
365,0-1-4-5,4,1460,1460,0.019103532052172283,70.87379047478917,0.0073402331139925505,0.004366971388643538,0.00504561225771738,0.0034790177464169934,0.004466571916523776
366,0-1-7-8,4,1464,1464,0.010292271643131875,70.88408274643231,0.006436037455004458,0.004641048191094262,0.0043704421305221786,0.0034790177464169934,0.004813328840796771
367,0-1-4-5,4,1468,1468,0.016892877038354577,70.90097562347067,0.0062864841647587155,0.004309942665987536,0.00431471013851592,0.003221463320599517,0.003283690394646044
368,0-1-7-8,4,1472,1472,0.015328197500676474,70.91630382097135,0.006746676833614054,0.004587004008670753,0.006296444286277847,0.0027546570157544314,0.002754657015756834
369,0-1-4-5,4,1476,1476,0.019907833043300984,70.93621165401466,0.006746676833614054,0.004179350856646591,0.006296444286277847,0.0020431907386397226,0.00353296119212132
370,0-1-7-8,4,1480,1480,0.024212106895417307,70.96042376091007,0.004559103566998778,0.002636515175957141,0.004415099888447571,0.0023548501014492096,0.00296723538097865
371,0-1-4-5,4,1484,1484,0.014078121399578678,70.97450188230965,0.004559103566998778,0.002437784226093535,0.004415099888447571,0.0021379587010379,0.0021379587010486034
372,0-1-7-8,4,1488,1488,0.015089711945298205,70.98959159425495,0.006822955474688642,0.003735524330620817,0.003893196939557697,0.0038334159642548268,0.004413308563840701
373,0-1-4-5,4,1492,1492,0.01495621992397478,71.00454781417892,0.006822955474688642,0.0038302052931184463,0.003893196939557697,0.0038334159642548268,0.004413308563840701
374,0-1-7-8,4,1496,1496,0.015608361774904716,71.02015617595383,0.006991478774408048,0.0032139997495969244,0.004372500002517654,0.0031256787056018506,0.0035205197175542935
375,0-1-4-5,4,1500,1500,0.020544977627494427,71.04070115358132,0.007221688121500809,0.004054328827532164,0.0068644986483406,0.0031256787056018506,0.004639189477501304
376,0-1-7-8,4,1504,1504,0.017976204075718274,71.05867735765705,0.007221688121500809,0.0038406873860087577,0.0068644986483406,0.0019917880539821802,0.0037334695592150524
377,0-1-4-5,4,1508,1508,0.028368574959505666,71.08704593261655,0.005168809999234147,0.00292079840458126,0.002446903006060097,0.0026086743702427107,0.0032846022631289884
378,0-1-7-8,4,1512,1512,0.017269112346503423,71.10431504496304,0.005168809999234147,0.0033292401456865134,0.00454316072365657,0.0026086743702427107,0.0036577544381728444
379,0-1-4-5,4,1516,1516,0.015383202588954545,71.119698247552,0.004790123856917112,0.0033565136988286852,0.00454316072365657,0.002357331820941174,0.003227185259461862
380,0-1-7-8,4,1520,1520,0.022498867096580877,71.14219711464858,0.005008813791086218,0.0035186799863285638,0.004222073419470007,0.0026401449152885234,0.0026401449152970713
381,0-1-4-5,4,1524,1524,0.013828045792654738,71.15602516044123,0.006117123143671881,0.003711390352697655,0.004222073419470007,0.003439240831076635,0.0034392408310708333
382,0-1-7-8,4,1528,1528,0.021195982136515915,71.17722114257775,0.00613319512113456,0.003720336722539585,0.0028319260540143887,0.003369452455443029,0.0029905432066499316
383,0-1-4-5,4,1532,1532,0.017086216187586555,71.19430735876534,0.004950903713883135,0.0032325803948898535,0.00362401837452353,0.0028265757631211167,0.004111102539674505
384,0-1-7-8,4,1536,1536,0.02025591078707634,71.21456326955241,0.004950903713883135,0.003362573614047218,0.0037210702034258247,0.0028265757631211167,0.0036925307123922835
385,0-1-4-5,4,1540,1540,0.016334656868967963,71.23089792642138,0.00459762916581546,0.0029184619228853886,0.0037210702034258247,0.00197502907627239,0.0026644168123439727
386,0-1-7-8,4,1544,1544,0.017262972999242843,71.24816089942063,0.0036325245256906527,0.002572685405990203,0.002871984838364483,0.00197502907627239,0.003302361603509496
387,0-1-4-5,4,1548,1548,0.02002436296148175,71.2681852623821,0.0072738502729258695,0.003401324408239172,0.0026483251311333333,0.004134385630612096,0.005553255854962913
388,0-1-7-8,4,1552,1552,0.023646221459505352,71.2918314838416,0.004749783546237591,0.0030229119150706448,0.0026483251311333333,0.0024261195782201077,0.003425340619656936
389,0-1-4-5,4,1556,1556,0.020304383079835023,71.31213586692144,0.007917351985393615,0.003972046383494421,0.0024617749429864944,0.004376563544520737,0.004254145105420548
390,0-1-7-8,4,1560,1560,0.022976482338312378,71.33511234925975,0.003501686017382919,0.002337383126824451,0.0028576993006339535,0.0015906175688134778,0.0022717394621594167
391,0-1-4-5,4,1564,1564,0.012762049198842409,71.34787439845859,0.0033380259818099256,0.0020982129849654203,0.0021870647141497557,0.001894907951782691,0.0034855255206167612
392,0-1-7-8,4,1568,1568,0.02056801367714722,71.36844241213574,0.003477914763603618,0.0023067050089569416,0.0033246420899644136,0.001979013027336506,0.0025640507499318232
393,0-1-4-5,4,1572,1572,0.00848122032343744,71.37692363245917,0.003977198720235655,0.0023262816310315906,0.0020985314866805993,0.0022464076138582274,0.002682660820639171
394,0-1-7-8,4,1576,1576,0.01954201661368094,71.39646564907285,0.004896805383946516,0.003098577573418883,0.003373086201662545,0.0027071874608410825,0.002407584074319402
395,0-1-4-5,4,1580,1580,0.013860197619202243,71.41032584669206,0.004896805383946516,0.002970861446392654,0.003373086201662545,0.002423336548040728,0.0035727352600218865
396,0-1-7-8,4,1584,1584,0.02528775902721369,71.43561360571927,0.004386234353291039,0.002223768592199943,0.003813684152305541,0.001558353809129326,0.002799794296691971
397,0-1-4-5,4,1588,1588,0.022795173685188803,71.45840877940445,0.004635959362571996,0.002720891210825183,0.0029787759514192658,0.0025667162835280124,0.0033381745365446136
398,0-1-7-8,4,1592,1592,0.011253076923288223,71.46966185632773,0.002895205468165384,0.0017693404029686074,0.0025791388604403664,0.001629600710450317,0.002087524934822227
399,0-1-4-5,4,1596,1596,0.015394565293687847,71.48505642162142,0.005354637287953919,0.002786785055309712,0.002417802395385138,0.0030677501734030993,0.004749243260000924
400,0-1-7-8,4,1600,1600,0.018020051724293627,71.50307647334571,0.0060266724855470325,0.003033193405287919,0.0026813035838273436,0.003400539804767264,0.003400539804765401
401,0-1-4-5,4,1604,1604,0.016085449987391757,71.5191619233331,0.005970667254049284,0.003381478269360774,0.0027624164316648603,0.003347124408366196,0.0034284193343268043
402,0-1-7-8,4,1608,1608,0.012974032667607101,71.5321359560007,0.005970667254049284,0.0040463994729833305,0.004262449372092192,0.003347124408366196,0.0034284193343268043
403,0-1-4-5,4,1612,1612,0.016398623595964622,71.54853457959666,0.005129367035928749,0.003670264234248952,0.004229676246339409,0.0026265751811284754,0.00354372486759047
404,0-1-7-8,4,1616,1616,0.02279438916551885,71.57132896876219,0.005697093542474659,0.0032944484815321854,0.0033108349411747895,0.0032639080120284844,0.0034015078345817074
405,0-1-4-5,4,1620,1620,0.014477221333449957,71.58580619009564,0.005545394278072964,0.0030050892713781793,0.001919479052475026,0.003135420509815349,0.004473803495685047
406,0-1-7-8,4,1624,1624,0.015400596375085606,71.60120678647073,0.006218749055187095,0.0032216312631833076,0.0021913022997068765,0.0034956559204515386,0.003939031048147967
407,0-1-4-5,4,1628,1628,0.015200520980104146,71.61640730745083,0.0036084132490445176,0.002166860420726105,0.0020891437540484503,0.002017488242711046,0.003103671506650585
408,0-1-7-8,4,1632,1632,0.015048078165055434,71.63145538561588,0.003777801090702194,0.0021335583838273968,0.0037238806249320078,0.0015469974905525346,0.0022998568325860447
409,0-1-4-5,4,1636,1636,0.019684765901155987,71.65114015151704,0.005652789294218982,0.0030521182959558665,0.00551018892861066,0.002779940839800169,0.0028381943953448285
410,0-1-7-8,4,1640,1640,0.012090153595751862,71.66323030511279,0.005652789294218982,0.0035443845487179533,0.00551018892861066,0.00145504849053575,0.002236215030130495
411,0-1-4-5,4,1644,1644,0.02572125853681239,71.68895156364961,0.007597071235800342,0.004719405411745321,0.005970295720118202,0.004200153297867356,0.007210207877356822
412,0-1-7-8,4,1648,1648,0.020487577395561698,71.70943914104517,0.006004287082467986,0.004048125001721613,0.005970295720118202,0.0030100545794823313,0.004851175524841267
413,0-1-4-5,4,1652,1652,0.014155626983217987,71.72359476802839,0.0063841538947534285,0.0040395850410722195,0.004320944183888287,0.003520073330487054,0.004575531273395939
414,0-1-7-8,4,1656,1656,0.013340616051279355,71.73693538407967,0.007537773387318909,0.0036561394466048456,0.005214000789905526,0.0031188424041181844,0.004222519114470913
415,0-1-4-5,4,1660,1660,0.01191188030052967,71.7488472643802,0.004450444868113031,0.0029421464433277934,0.003989264391108804,0.0024055342154736766,0.0026981204333793585
416,0-1-7-8,4,1664,1664,0.014796621154357571,71.76364388553456,0.0058111065209259264,0.003050830170234405,0.004519750577316017,0.002092685562533591,0.0025593768589899923
417,0-1-4-5,4,1668,1668,0.01861167748635776,71.78225556302093,0.006472533748305737,0.0029766459125332985,0.0041710923953957035,0.00356033895067466,0.003870611405289992
418,0-1-7-8,4,1672,1672,0.020439771751093443,71.80269533477203,0.0086968143689417,0.004252126703367397,0.004928072446546139,0.004105801838671824,0.006291433614407538
419,0-1-4-5,4,1676,1676,0.014764110718158526,71.81745944549019,0.008626344560975779,0.0038150262107656506,0.0035683635003920244,0.004499918877670203,0.0039085110816401425
420,0-1-7-8,4,1680,1680,0.020474914120821825,71.83793435961101,0.005211369046340949,0.003132270196325012,0.003280448247423351,0.0025540729692240293,0.00301359512247501
421,0-1-4-5,4,1684,1684,0.013364001009943609,71.85129836062096,0.004513480669550249,0.002879472639291893,0.00327741601985565,0.002176950764588621,0.002461126193239238
422,0-1-7-8,4,1688,1688,0.016576547078929773,71.86787490769989,0.00823133551135007,0.0040651572985207,0.0032510078439713652,0.00435365165467458,0.0037364040304126434
423,0-1-4-5,4,1692,1692,0.015457767191869797,71.88333267489176,0.006302183003861801,0.0031875779880572736,0.0032510078439713652,0.003513059322151559,0.004132102644632596
424,0-1-7-8,4,1696,1696,0.008591080322706335,71.89192375521446,0.0064222743370114296,0.0036064385883673986,0.0032596792076731163,0.0035469630070752425,0.0037144831733328942
425,0-1-4-5,4,1700,1700,0.018444702620507528,71.91036845783498,0.004871622191212595,0.0032331329002578146,0.004416184086579733,0.0020743621455714123,0.0027562982290589844
426,0-1-7-8,4,1704,1704,0.019920763364140504,71.93028922119912,0.00667304719903457,0.0031254217709512136,0.006143796070290364,0.001504701987799011,0.0018958281478873573
427,0-1-4-5,4,1708,1708,0.009908985391916425,71.94019820659103,0.005012074668103249,0.002570443600229524,0.00427419665371076,0.002458816149006646,0.0024913881802817173
428,0-1-7-8,4,1712,1712,0.014915379861684631,71.95511358645273,0.004149718142541794,0.0020010757198309827,0.0035977746317428227,0.0013211647264809692,0.0025060010252602183
429,0-1-4-5,4,1716,1716,0.019621034090318033,71.97473462054305,0.006909610577629804,0.003152169215006154,0.001676610406235568,0.003911109082918022,0.006821573852768381
430,0-1-7-8,4,1720,1720,0.016973651297977635,71.99170827184102,0.0053077627207553536,0.0034154709357038108,0.003328753193258649,0.0030308430370313915,0.004462822792710597
431,0-1-4-5,4,1724,1724,0.011608167824620921,72.00331643966564,0.005408517569354764,0.003422276000569144,0.003414439964259941,0.0030319287544852327,0.004812301114874629
432,0-1-7-8,4,1728,1728,0.01647810254416416,72.01979454220981,0.005524032821033799,0.0026660564315662597,0.0032996036402295204,0.0025384165621930043,0.002911154272645433
433,0-1-4-5,4,1732,1732,0.017868828426188914,72.037663370636,0.004345567103801347,0.00205352054520212,0.0022923117393958137,0.002115259985452047,0.0026382450517061784
434,0-1-7-8,4,1736,1736,0.012193194846861538,72.04985656548286,0.004345567103801347,0.0021038619027819823,0.0022923117393958137,0.002115259985452047,0.0026382450517061784
435,0-1-4-5,4,1740,1740,0.01595871380995318,72.0658152792928,0.004632487473053253,0.0028271275125982356,0.0017508769691971793,0.0026046923832856107,0.004745582067734233
436,0-1-7-8,4,1744,1744,0.015581535517263595,72.08139681481008,0.005034734831642931,0.002828072867133507,0.001710813446450743,0.0028834022912378357,0.00410685779412745
437,0-1-4-5,4,1748,1748,0.019647303955399716,72.10104411876547,0.004675975542219245,0.0028806376984786847,0.0024053864968891503,0.002322423928368693,0.002597495791363258
438,0-1-7-8,4,1752,1752,0.015119646178504613,72.11616376494398,0.005861001376286947,0.003824597103498141,0.0024883998065092783,0.003353280982186112,0.0033532809821821274
439,0-1-4-5,4,1756,1756,0.008546277672208866,72.12471004261619,0.005679398946870116,0.003988823183524115,0.0039061435891056817,0.0029337913276223974,0.0029337913276208383
440,0-1-7-8,4,1760,1760,0.011566973787306202,72.1362770164035,0.008453044219001537,0.004741338754175072,0.0039413910589161105,0.004284452167798466,0.0028222235761106162
441,0-1-4-5,4,1764,1764,0.025366064354438025,72.16164308075794,0.004058722795839886,0.002265544606464052,0.002940097321939561,0.0016031383984045674,0.0022632613518496214
442,0-1-7-8,4,1768,1768,0.020639454715669015,72.1822825354736,0.003950255906151306,0.0022261329703018055,0.002228605485598223,0.002239089445465434,0.0030354801534429043
443,0-1-4-5,4,1772,1772,0.017356487149400118,72.199639022623,0.005648984804465584,0.003059679730794456,0.00249949548195616,0.0032169821864234836,0.005456071631840587
444,0-1-7-8,4,1776,1776,0.018210970240896483,72.2178499928639,0.003455767386621456,0.0026219203000091614,0.0033672470651282538,0.0014408746089198475,0.0028144001463843438
445,0-1-4-5,4,1780,1780,0.015901400897799352,72.23375139376171,0.005740721709204295,0.002671458024600694,0.003054841726324753,0.0032684674583307737,0.003626285814682717
446,0-1-7-8,4,1784,1784,0.0114246931684798,72.24517608693019,0.007839830812800168,0.00332907475798279,0.0030069101111394048,0.004451884293808138,0.004451884293821706
447,0-1-4-5,4,1788,1788,0.009297376265810817,72.25447346319599,0.005886799512239888,0.0028794043234535945,0.0030069101111394048,0.0032299206751071237,0.0032299206751176257
448,0-1-7-8,4,1792,1792,0.01592305322649154,72.27039651642248,0.004358034725794013,0.0028191997524561786,0.0015751824904128853,0.002425027847253363,0.0047705691325532484
449,0-1-4-5,4,1796,1796,0.014480658635522699,72.284877175058,0.006818317195660074,0.0037842849821256713,0.0027238792998787176,0.003900131698730201,0.0052140262348174815
450,0-1-7-8,4,1800,1800,0.018388628926297477,72.3032658039843,0.004561097068037384,0.002613699202407923,0.0029977658878834745,0.0023584824409974008,0.0019168073253652551
451,0-1-4-5,4,1804,1804,0.014875562369555704,72.31814136635386,0.005628626585688221,0.0032724623059536178,0.004335670791149937,0.002485625124973791,0.002351806898033715
452,0-1-7-8,4,1808,1808,0.009998460698340858,72.3281398270522,0.004719175058251426,0.0030472457894267233,0.004335670791149937,0.0022808335185841707,0.003135006087084946
453,0-1-4-5,4,1812,1812,0.015427276620373829,72.34356710367257,0.0046696966413439095,0.0027747696257533322,0.002510899119030796,0.0022808335185841707,0.0027049786557853395
454,0-1-7-8,4,1816,1816,0.014816878012032028,72.3583839816846,0.005394398829505261,0.0028544684975745863,0.0036519826874297223,0.0030206822444061522,0.003679927516749615
455,0-1-4-5,4,1820,1820,0.01329939502242281,72.37168337670703,0.005394398829505261,0.002950412040722413,0.0036519826874297223,0.0030206822444061522,0.0038302712501021574
456,0-1-7-8,4,1824,1824,0.01773926438143045,72.38942264108846,0.0051848210601000725,0.002924359741060925,0.00333712550434484,0.0027934212394563236,0.004131023244639209
457,0-1-4-5,4,1828,1828,0.01883744611201349,72.40826008720047,0.004424392313502966,0.0026399728043559,0.00333712550434484,0.002127216625888078,0.003001998454998045
458,0-1-7-8,4,1832,1832,0.013220506987664754,72.42148059418814,0.0062472278355486955,0.003114201563583317,0.004953157210181303,0.0021812595369240235,0.003080905259054134
459,0-1-4-5,4,1836,1836,0.01842617225867866,72.43990676644682,0.0062472278355486955,0.002870348377286439,0.004953157210181303,0.0021812595369240235,0.0032978567470607345
460,0-1-7-8,4,1840,1840,0.011169945146627207,72.45107671159346,0.0068403018796511115,0.0032919842342089447,0.004169961637387587,0.00310667437149936,0.0035369530146525108
461,0-1-4-5,4,1844,1844,0.007543819370149882,72.45862053096361,0.0068403018796511115,0.0031705003871947772,0.004169961637387587,0.00310667437149936,0.0033006133836224194
462,0-1-7-8,4,1848,1848,0.016632182604880988,72.4752527135685,0.006208949365007838,0.003035598160418292,0.0017169136375940752,0.0035414460315553275,0.004061762413158476
463,0-1-4-5,4,1852,1852,0.016859763587154585,72.49211247715564,0.004698449552013303,0.00303870272318112,0.002668520784482098,0.0026410917964416313,0.004044488976589378
464,0-1-7-8,4,1856,1856,0.014555500944971005,72.50666797810061,0.00421198004644702,0.0028711751800775637,0.003469861008255748,0.0019098516943689065,0.0032801732349412305
465,0-1-4-5,4,1860,1860,0.01605836898535606,72.52272634708596,0.003470904173815013,0.002227439795348284,0.003469861008255748,0.0014809918972988852,0.0017600984914665219
466,0-1-7-8,4,1864,1864,0.018658852837261836,72.54138519992323,0.005028670469310183,0.003399449914081929,0.0040749304562979205,0.0026116534156153315,0.004111118962150329
467,0-1-4-5,4,1868,1868,0.024736851760189558,72.56612205168342,0.005816307186321614,0.003787760115539305,0.0040749304562979205,0.0033111141860737723,0.003720745232286049
468,0-1-7-8,4,1872,1872,0.016198036186957608,72.58232008787039,0.00504734196397322,0.0030182027647593698,0.0029130237048207164,0.002565331081279588,0.003720745232286049
469,0-1-4-5,4,1876,1876,0.021533462818452757,72.60385355068884,0.005349744783909675,0.002980414356927659,0.0029405706539193943,0.002959569282821558,0.0032827929763925567
470,0-1-7-8,4,1880,1880,0.016765975564574622,72.62061952625342,0.006691415576325997,0.0033430726825337408,0.0030210883013381817,0.003420850308456344,0.003420850308458512
471,0-1-4-5,4,1884,1884,0.008848042434262939,72.62946756868769,0.0069588574795696675,0.0035037684655099665,0.0032691875036618967,0.003826743561333895,0.003826743561333501
472,0-1-7-8,4,1888,1888,0.02388348676295209,72.65335105545064,0.011053299050435167,0.005729002362630248,0.006168342495712409,0.0059626547535789436,0.0059626547535955865
473,0-1-4-5,4,1892,1892,0.01780611749400627,72.67115717294465,0.008935729711456997,0.005143089020473862,0.004323291559259701,0.004873225402303585,0.004873225402313608
474,0-1-7-8,4,1896,1896,0.024095504769182863,72.69525267771382,0.006405541244471771,0.0037684831424573463,0.002738286489005759,0.003546012555227894,0.004018005935094493
475,0-1-4-5,4,1900,1900,0.018458105375534477,72.71371078308935,0.006405541244471771,0.0031700254179715193,0.0029231926657189433,0.003546012555227894,0.004018005935094493
476,0-1-7-8,4,1904,1904,0.012875889139571764,72.72658667222892,0.0038440067847034186,0.0026348722986360962,0.0029231926657189433,0.0017559644455430031,0.002355184779105457
477,0-1-4-5,4,1908,1908,0.015919918739279258,72.7425065909682,0.0047570198458546,0.0024047911010063993,0.004372646864538865,0.0015632016419732486,0.0026364914995227196
478,0-1-7-8,4,1912,1912,0.016464450508048668,72.75897104147626,0.005891220184323306,0.0035574104181743615,0.004749755132905875,0.0027914185255447166,0.0038647083830767315
479,0-1-4-5,4,1916,1916,0.015647046998547326,72.77461808847481,0.005891220184323306,0.0031264524835933846,0.004749755132905875,0.0023009626805563094,0.0026147210207767557
480,0-1-7-8,4,1920,1920,0.017079122482264522,72.79169721095707,0.005648317956782337,0.003375015418930793,0.004825713506392049,0.003221589887846955,0.0032215898878362736
481,0-1-4-5,4,1924,1924,0.011475313310747554,72.80317252426782,0.004871837369453633,0.002755251837641887,0.004825713506392049,0.0017974979477999426,0.0021004602560097396
482,0-1-7-8,4,1928,1928,0.01206933902074739,72.81524186328856,0.003937474245941328,0.002553767955367208,0.002710926930262758,0.002224160550980694,0.0030579697046988485
483,0-1-4-5,4,1932,1932,0.01865280302860921,72.83389466631718,0.010702607793332736,0.004293491485914384,0.002372886915594563,0.006117867184431323,0.006117867184443071
484,0-1-7-8,4,1936,1936,0.01627680381942622,72.8501714701366,0.007321764432934941,0.003209459093113928,0.0017138304730792697,0.00407855361130984,0.0040785536113077114
485,0-1-4-5,4,1940,1940,0.025581994970928862,72.87575346510754,0.005349527176887397,0.0024811342077645255,0.002755963859925714,0.002627040144687137,0.003141954464446428
486,0-1-7-8,4,1944,1944,0.01476750317119753,72.89052096827874,0.005349527176887397,0.0028037722023042666,0.002755963859925714,0.002627040144687137,0.0035071134895972023
487,0-1-4-5,4,1948,1948,0.016390261067357446,72.9069112293461,0.004470438132991677,0.002561148912097034,0.003736573883230676,0.001632509971857894,0.0015046936583118509
488,0-1-7-8,4,1952,1952,0.012464270540617824,72.91937549988671,0.006159048664528625,0.0033207676246488054,0.003736573883230676,0.003446949755140484,0.002771969519521633
489,0-1-4-5,4,1956,1956,0.020804631758214835,72.94018013164492,0.006159048664528625,0.004231007037513974,0.0035374744750242826,0.003446949755140484,0.0047641542353389355
490,0-1-7-8,4,1960,1960,0.017324603223602558,72.95750473486852,0.006966210130013152,0.0036460794492895535,0.003183401412229614,0.003788824896363512,0.003800759155609512
491,0-1-4-5,4,1964,1964,0.01928320566972681,72.97678794053824,0.004825795763877311,0.0031346476828945755,0.0027723525494707246,0.0027284012549600276,0.004032632103701417
492,0-1-7-8,4,1968,1968,0.02186402654423809,72.99865196708248,0.005687715331911925,0.0030159027484848574,0.004184870749469383,0.003181488108412322,0.004708124871797281
493,0-1-4-5,4,1972,1972,0.01869916483114557,73.01735113191363,0.005937509204984703,0.0038239299232131767,0.004184870749469383,0.0032933859451641364,0.006409647350622549
494,0-1-7-8,4,1976,1976,0.012578285516941031,73.02992941743057,0.006940355052706656,0.00319694194719888,0.0017366160055729551,0.003945049980509589,0.006149925653041066
495,0-1-4-5,4,1980,1980,0.016369443597991824,73.04629886102856,0.0051152917077071074,0.0027687178942251882,0.001858916886490647,0.0029225805463933864,0.00398902385052935
496,0-1-7-8,4,1984,1984,0.017132633983346666,73.06343149501191,0.004738052028848739,0.0022222898267813653,0.001858916886490647,0.0027121947830320626,0.0018755928114870812
497,0-1-4-5,4,1988,1988,0.02387229518390021,73.08730379019582,0.006285480757098547,0.0037486885705858234,0.0023338523935052535,0.003535578240217936,0.004735200031682041
498,0-1-7-8,4,1992,1992,0.013320834517409725,73.10062462471323,0.0068755619836916755,0.0034391030807822513,0.0023338523935052535,0.0037094745350784333,0.0037314095423539584
499,0-1-4-5,4,1996,1996,0.015930270615855842,73.11655489532909,0.006485111765594304,0.003970627713483484,0.0022705302285288553,0.003480478297532488,0.0034804782975328408
500,0-1-7-8,4,2000,2000,0.023270640510784948,73.13982553583988,0.010415942076709766,0.004690143483192259,0.004075285785319238,0.005852202461500415,0.005852202461504419
501,0-1-4-5,4,2004,2004,0.011857448737387982,73.15168298457726,0.009887444689578464,0.004464014400807538,0.003977502729327398,0.005610474644398188,0.005610474644392127
502,0-1-7-8,4,2008,2008,0.014875323615298586,73.16655830819256,0.005752207961468737,0.0039370602001376044,0.004530007360926902,0.0032889948310669192,0.003288994831052605
503,0-1-4-5,4,2012,2012,0.014149780922859947,73.18070808911543,0.008447247520485212,0.005036346204020103,0.004530007360926902,0.004691074548282525,0.0046910745482762195
504,0-1-7-8,4,2016,2016,0.017618997369709444,73.19832708648514,0.008088731650627177,0.0042736415442973935,0.003967606504247101,0.004520845513297844,0.004520845513290794
505,0-1-4-5,4,2020,2020,0.017849753494494976,73.21617683997962,0.007016879929474663,0.004523408933703089,0.004944581007535476,0.003960362942518668,0.004193565229194007
506,0-1-7-8,4,2024,2024,0.019443936547699617,73.23562077652733,0.009074945878103,0.00560716387727965,0.006001533696348815,0.004916970889937396,0.0049169708899370335
507,0-1-4-5,4,2028,2028,0.01305054505433249,73.24867132158165,0.010132437761258349,0.005907407086458305,0.006001533696348815,0.005449841164292976,0.005449841164299585
508,0-1-7-8,4,2032,2032,0.01913953311428577,73.26781085469594,0.007579871788779699,0.00490016248022032,0.005509466137638697,0.0036742393232270187,0.0036742393232316317
509,0-1-4-5,4,2036,2036,0.013283767031613204,73.28109462172755,0.0059933625547218625,0.004139714659989332,0.003272489111481036,0.0031508527341265404,0.0031508527341230774
510,0-1-7-8,4,2040,2040,0.00851059302335601,73.2896052147509,0.007689285507427424,0.004439858470086791,0.0040517721354120795,0.0037442922907821308,0.0020849218350846854
511,0-1-4-5,4,2044,2044,0.016371092688681005,73.3059763074396,0.007689285507427424,0.004735246682624954,0.006179557363097388,0.0037442922907821308,0.003533802605552694
512,0-1-7-8,4,2048,2048,0.022770076055660098,73.32874638349526,0.009455975937753514,0.004618331451398458,0.006179557363097388,0.004904085114443935,0.004904085114446843
513,0-1-4-5,4,2052,2052,0.012588350640553324,73.34133473413581,0.008855204638953666,0.004029594813834379,0.0029638022056275304,0.004829412633190597,0.004829412633164054
514,0-1-7-8,4,2056,2056,0.01871689347634448,73.36005162761215,0.004951346505501817,0.0030255371525920263,0.0041802173059295455,0.0026343877475105077,0.002634387747498579
515,0-1-4-5,4,2060,2060,0.018839688804209886,73.37889131641636,0.004180461151593848,0.0022450671270680114,0.0041802173059295455,0.0010489553234611399,0.0011959883580772157
516,0-1-7-8,4,2064,2064,0.023855606765395533,73.40274692318175,0.0048173118277285,0.0023280502552920435,0.002060946691770482,0.002569322857500553,0.0028968421931026
517,0-1-4-5,4,2068,2068,0.012963424001329793,73.41571034718308,0.003577828081790999,0.0020977596069927454,0.002060946691770482,0.0016756616984297736,0.0023913421540697755
518,0-1-7-8,4,2072,2072,0.01388502935581928,73.4295953765389,0.006333542306573919,0.0027052992062707288,0.0029391617554210825,0.0032144929663439135,0.003380783980610147
519,0-1-4-5,4,2076,2076,0.01635200322176184,73.44594737976065,0.005465171824375323,0.0028386688634724,0.0024070917709764217,0.002849675790460902,0.00456236555339018
520,0-1-7-8,4,2080,2080,0.013024268339864363,73.45897164810052,0.005360398547955371,0.003326778306307568,0.004395592270086013,0.0024294797657700923,0.004187277253819843
521,0-1-4-5,4,2084,2084,0.025386203821160344,73.48435785192167,0.005370966739004275,0.003427644640870499,0.005311120152228455,0.0017577974881087949,0.002320098760336009
522,0-1-7-8,4,2088,2088,0.019189964861447143,73.50354781678313,0.005575430024644988,0.004031504292112452,0.005311120152228455,0.0031944632153308988,0.003194463215344001
523,0-1-4-5,4,2092,2092,0.013172644649984987,73.51672046143311,0.004670380261221141,0.0030963447256367855,0.004281515253993007,0.0019822746550946886,0.0021823976818211577
524,0-1-7-8,4,2096,2096,0.010641999663818584,73.52736246109693,0.0043749949806032185,0.0028131885024830906,0.004073363647620454,0.002282009302552926,0.002792630722538547
525,0-1-4-5,4,2100,2100,0.014282877343872097,73.5416453384408,0.004225473953624873,0.002727827599745852,0.004073363647620454,0.0023907922487267862,0.002179258416468599
526,0-1-7-8,4,2104,2104,0.01682462617640291,73.5584699646172,0.00429256741604685,0.002713472586453048,0.0021334367857690495,0.0023907922487267862,0.0030647632302631678
527,0-1-4-5,4,2108,2108,0.010164766367140103,73.56863473098434,0.005692762134497125,0.0027872693858589735,0.0018833942717009222,0.003229818884329765,0.002910979129957525
528,0-1-7-8,4,2112,2112,0.014729180016021188,73.58336391100036,0.0050560370256526295,0.003153757807997508,0.0022641554031537225,0.0026883825586872276,0.004120309465221794
529,0-1-4-5,4,2116,2116,0.025070014815827355,73.60843392581619,0.006723553291506612,0.004208951152773198,0.00537295831216511,0.0037216036156730737,0.0027813229157587216
530,0-1-7-8,4,2120,2120,0.022012638449612664,73.6304465642658,0.008085832068987628,0.005197861977711292,0.005468378543881158,0.00443945865773522,0.004439458657707007
531,0-1-4-5,4,2124,2124,0.02078963260816327,73.65123619687395,0.005987412196000801,0.004056154812784332,0.004786952095130914,0.003353794348774471,0.004344121530209577
532,0-1-7-8,4,2128,2128,0.013030069938164163,73.66426626681212,0.008532549413872778,0.005208803679748679,0.0064374798584054815,0.0048329723996054,0.0048329723996189955
533,0-1-4-5,4,2132,2132,0.028052607642659017,73.69231887445478,0.005560821593486371,0.0031211473670630474,0.004892454657095868,0.00151778365943119,0.002581852827567843
534,0-1-7-8,4,2136,2136,0.02284598648441447,73.7151648609392,0.004709225917673263,0.0032257539974671658,0.004295919359137201,0.0020497450241564494,0.0024470719905949068
535,0-1-4-5,4,2140,2140,0.012865528495483171,73.72803038943468,0.004709225917673263,0.003099663014679831,0.004295919359137201,0.002091489804859547,0.002448093528606421
536,0-1-7-8,4,2144,2144,0.019788528517923943,73.7478189179526,0.006432500667630511,0.0034942684708949494,0.005584498008957439,0.0032024894299013265,0.003922994059131213
537,0-1-4-5,4,2148,2148,0.01797104253272735,73.76578996048532,0.006798700507461657,0.004309607351749824,0.005584498008957439,0.0037694067369581953,0.006108095207004283
538,0-1-7-8,4,2152,2152,0.02102543447626641,73.7868153949616,0.006116630737618529,0.0032982550509042174,0.0028003101975144773,0.0034239914077717616,0.0036562671140742964
539,0-1-4-5,4,2156,2156,0.015865382762752817,73.80268077772435,0.004946557406916762,0.0029946372860240496,0.002831026171435269,0.0023240664934177212,0.0035694947699340673
540,0-1-7-8,4,2160,2160,0.011678850246477218,73.81435962797083,0.004523467149096342,0.0033103822039171464,0.002610171742631451,0.002343757069494283,0.0035694947699340673
541,0-1-4-5,4,2164,2164,0.017601730610068988,73.8319613585809,0.004229304089511041,0.0029563098700650867,0.0020899763689499196,0.0023002045026793414,0.0038224007694722673
542,0-1-7-8,4,2168,2168,0.01653213194713824,73.84849349052804,0.006318096202539807,0.0038021782897583595,0.0020899763689499196,0.0034211645609988684,0.005527849766238546
543,0-1-4-5,4,2172,2172,0.016028157117223395,73.86452164764526,0.005638256842754687,0.002590654946290279,0.0019853655935690995,0.0032275292934186655,0.00465798447960708
544,0-1-7-8,4,2176,2176,0.018599096149942946,73.8831207437952,0.006576114716089965,0.003254442117642307,0.0036356455415642586,0.003741840426317295,0.004209900109565012
545,0-1-4-5,4,2180,2180,0.01533605965247614,73.89845680344767,0.005067724775495862,0.003154305665645144,0.0036356455415642586,0.0024303557878288962,0.00462599435873301
546,0-1-7-8,4,2184,2184,0.027185317139626373,73.9256421205873,0.005317921261525316,0.00317043828296369,0.0051399278120953795,0.003041747240981546,0.0034852177422806108
547,0-1-4-5,4,2188,2188,0.022116176651532544,73.94775829723883,0.006479060035354908,0.003495399141093015,0.0051399278120953795,0.003663211621951693,0.003663211621962148
548,0-1-7-8,4,2192,2192,0.017821532078768094,73.9655798293176,0.004351513139652523,0.002569371827836739,0.003928874156343909,0.0024503580118535873,0.002450358011820697
549,0-1-4-5,4,2196,2196,0.015626305181283023,73.98120613449889,0.0049720628526126074,0.003137932165050324,0.00420823783046842,0.0025058728397807928,0.0018320871742147915
550,0-1-7-8,4,2200,2200,0.02182190925074549,74.00302804374964,0.0049720628526126074,0.003153212911334477,0.00422228831368443,0.0015630998701265512,0.002180581188063968
551,0-1-4-5,4,2204,2204,0.02152979616376695,74.0245578399134,0.004348965803377984,0.0030451420450365065,0.00422228831368443,0.00239697987328428,0.003202429001909479
552,0-1-7-8,4,2208,2208,0.013823466423528594,74.03838130633693,0.005395827470403479,0.002519662171266003,0.003522986518817106,0.0023417163292780156,0.003798825831921704
553,0-1-4-5,4,2212,2212,0.01982059235817024,74.0582018986951,0.006878709835785299,0.0031978830641311447,0.003156023342526737,0.0039118045846826596,0.003911804584674883
554,0-1-7-8,4,2216,2216,0.01851151668544513,74.07671341538055,0.0046015140672001995,0.002785256977143,0.002572039284530092,0.002501260314600869,0.0032316359727460053
555,0-1-4-5,4,2220,2220,0.0144454473715916,74.09115886275214,0.005156993502133022,0.002974985647830203,0.002572039284530092,0.0028971784556609294,0.005052904624818666
556,0-1-7-8,4,2224,2224,0.013829900694840223,74.10498876344698,0.004586297122569284,0.0031862300596868865,0.0042227945182418125,0.0023424047993705855,0.004498130968528358
557,0-1-4-5,4,2228,2228,0.018653472523824672,74.1236422359708,0.004586297122569284,0.0026383210691032673,0.0042227945182418125,0.0012519833975187542,0.001568228182733833
558,0-1-7-8,4,2232,2232,0.01574691051378744,74.13938914648459,0.005487126109528244,0.003082132545449331,0.00346941025604508,0.0029697763364110834,0.0031305722302903405
559,0-1-4-5,4,2236,2236,0.018690780853340715,74.15807992733794,0.0053250023578558505,0.0033413783713998036,0.00346941025604508,0.0030456670000300807,0.0030456670000162944
560,0-1-7-8,4,2240,2240,0.01027723813284672,74.16835716547078,0.006069834374120848,0.0038595460576797192,0.0059387060677096315,0.0032524241486798565,0.003508644592834287
