slot,epoch,transmitters,transmitter_uses,cumulative_transmitter_uses,endpoint_displacement_m,cumulative_endpoint_displacement_m,max_position_error_m,rms_position_error_m,max_radial_error_m,max_angular_error_deg,max_adjacent_gap_error_deg
0,0,,0,0,0.0,0.0,9.243608462106117,5.673474881844101,9.242329114386791,0.2615912743303627,0.5030866206960098
1,1,0-1-2-3,4,4,17.401893544743103,17.401893544743103,8.13506640642806,4.684446912327412,7.628029451428702,1.561399161604838,1.8229904359352176
2,1,0-1-2-4,4,8,12.427996089326399,29.829889634069502,8.13506640642806,4.471683463703485,7.628029451428702,1.8847935614859945,1.8847935614860063
3,1,0-1-2-5,4,12,11.196941983181565,41.02683161725107,5.033145383190635,2.9573982978347835,4.935380912464467,1.0669261666387682,1.0669261666387655
4,1,0-1-2-6,4,16,8.192722245120875,49.219553862371946,3.8865737584872786,2.537179752770203,3.858667118039989,0.5660464377829496,0.5424564961932106
5,1,0-1-2-7,4,20,5.894151112461139,55.113704974833084,3.1617250309205907,2.161134248360503,3.148191782626853,0.6800441986739124,0.5486258771706929
6,1,0-1-2-8,4,24,4.690584570295127,59.80428954512821,3.063648222783636,1.8555708232593557,3.0432777383173146,0.7381754372685503,0.738175437268545
7,1,0-1-2-9,4,28,5.79732846390856,65.60161800903677,3.063648222783636,1.7427211617257867,3.0432777383173146,0.7381754372685503,1.15069576225752
8,1,0-1-3-4,4,32,7.2759953060401665,72.87761331507694,3.203517146959749,1.8193021515091492,2.952482455230779,1.2903598076897151,1.3740143676425305
9,1,0-1-3-5,4,36,2.709479284674595,75.58709259975154,3.6838775461829263,1.9937198816562636,2.952482455230779,1.8181688729845746,1.901823432937391
10,1,0-1-3-6,4,40,1.837114135104306,77.42420673485584,3.958568692297137,2.125364119694487,2.952482455230779,2.0597452889398906,2.143399848892699
11,1,0-1-3-7,4,44,1.5602873111793325,78.98449404603518,4.097349106715171,2.2136574130137285,2.952482455230779,2.1735773488269414,2.257231908779758
12,1,0-1-3-8,4,48,1.10780168891068,80.09229573494586,4.157160178978168,2.2475296269382037,2.952482455230779,2.2226624712714953,2.306317031224296
13,1,0-1-3-9,4,52,2.0015658543998773,82.09386158934574,4.1413591209038945,2.2021291369643325,2.952482455230779,2.2213083352873273,2.3049628952401378
14,1,0-1-4-5,4,56,5.115210600366488,87.20907218971223,2.774788444491983,1.9870038195142268,2.5692593834238266,1.4908108986857558,1.4908108986857656
15,1,0-1-4-6,4,60,2.228242560537375,89.43731475024961,2.774788444491983,1.9670831897556038,2.5692593834238266,1.1125064484802885,1.3832534197706963
16,1,0-1-4-7,4,64,1.667283971311995,91.1045987215616,2.8127952333710793,2.0268895178077293,2.5692593834238266,1.0804863380011815,1.4995877036072756
17,1,0-1-4-8,4,68,1.4922953624114244,92.59689408397303,2.90291636230612,2.1083747640039032,2.5692593834238266,1.0984518731849175,1.5605613312966184
18,1,0-1-4-9,4,72,1.2682620775155313,93.86515616148856,2.951200683754859,2.13292027907251,2.5692593834238266,1.149723199664311,1.6096110030735957
19,1,0-1-5-6,4,76,4.596056101793016,98.46121226328157,2.951200683754859,1.9520865566640686,2.159384756158815,1.22489265345013,1.2248926534501265
20,1,0-1-5-7,4,80,2.092799469830254,100.55401173311182,2.951200683754859,1.947518360418434,2.159384756158815,1.312660060525756,1.2906520494185045
21,1,0-1-5-8,4,84,1.8532356022497343,102.40724733536156,3.0273960851083928,2.053882069707973,2.159384756158815,1.3729470431836786,1.406118897229831
22,1,0-1-5-9,4,88,1.731868246786572,104.13911558214814,3.232064760189919,2.1730039711224496,2.159384756158815,1.5099431554525475,1.455719533255241
23,1,0-1-6-7,4,92,4.524138405845302,108.66325398799344,3.232064760189919,2.0852096671433316,1.8368512930950942,1.5434710022323073,1.5434710022322804
24,1,0-1-6-8,4,96,2.3882358895881657,111.0514898775816,3.232064760189919,2.158561916035861,1.8368512930950942,1.6345115634661518,1.6345115634661553
25,1,0-1-6-9,4,100,2.064778838002993,113.1162687155846,3.460348890732035,2.3101897000687326,1.8368512930950942,1.7575547820428152,1.6345115634661553
26,1,0-1-7-8,4,104,5.445321511454489,118.56159022703909,3.460348890732035,2.3600791721145464,1.5552467086391033,1.7575547820428152,1.7350859201425592
27,1,0-1-7-9,4,108,3.2453218315848233,121.80691205862391,3.500867076184927,2.5372127959702087,1.754582766384928,1.8495173916755236,1.830118409629705
28,1,0-1-8-9,4,112,8.215483091887391,130.0223951505113,4.361707487889383,2.889018378129555,2.759336298085543,2.359602098760202,2.359602098760192
29,2,0-1-2-3,4,116,6.790113425948237,136.81250857645955,4.7746775046436545,3.239167673352886,2.569055872956298,2.5593637773679125,2.559363777367892
30,2,0-1-2-4,4,120,6.625384249501179,143.43789282596072,4.361707487889383,2.6875442090912367,2.295677679591037,2.359602098760202,2.359602098760192
31,2,0-1-2-5,4,124,7.616201953044146,151.05409477900486,4.361707487889383,2.088660339386352,1.524868118756018,2.359602098760202,2.359602098760192
32,2,0-1-2-6,4,128,6.256197383170544,157.31029216217541,4.361707487889383,1.778746537485445,1.524868118756018,2.359602098760202,2.359602098760192
33,2,0-1-2-7,4,132,5.654242745157615,162.96453490733302,4.361707487889383,1.787806555507426,1.524868118756018,2.359602098760202,2.359602098760192
34,2,0-1-2-8,4,136,6.4342881014347535,169.39882300876778,4.361707487889383,2.139606988908657,1.6588049059370462,2.359602098760202,2.359602098760192
35,2,0-1-2-9,4,140,9.58206843981738,178.98089144858517,4.443209819956726,2.9947044538008245,3.194972409131779,2.359602098760202,2.359602098760192
36,2,0-1-3-4,4,144,7.624655979927647,186.6055474285128,2.84274752062795,1.9252578272042131,2.3750190216961187,1.260849780036197,1.260849780036203
37,2,0-1-3-5,4,148,4.648358131045653,191.25390555955846,2.5871920415889353,1.7440557421991796,2.369055774576424,0.9029529038679558,1.1440119701557805
38,2,0-1-3-6,4,152,3.6595791106741,194.91348467023255,2.5871920415889353,1.7178884758949902,2.369055774576424,0.996392811267769,0.9445011059973751
39,2,0-1-3-7,4,156,3.975755582204801,198.88924025243736,2.48851658728176,1.5783738764246316,2.035381724863683,1.0955928545934233,1.0883800142628104
40,2,0-1-3-8,4,160,4.874160201837302,203.76340045427466,2.6285498795899307,1.378165247293013,1.5060348348180383,1.4103328778692268,1.4103328778692088
41,2,0-1-3-9,4,164,6.292780550425155,210.05618100469982,2.6285498795899307,1.282270010518838,0.8924956166086275,1.4103328778692268,1.4103328778692088
42,2,0-1-4-5,4,168,3.0568407103081,213.11302171500793,1.7750381514297358,1.1070720995600232,0.663084765090403,0.9523615568559555,0.9508729093683854
43,2,0-1-4-6,4,172,2.6112119034711783,215.7242336184791,1.7750381514297358,0.9819901004523239,0.689517275417785,0.9523615568559555,0.7969886127172146
44,2,0-1-4-7,4,176,1.6275359127483604,217.35176953122746,1.7750381514297358,0.9496621425304852,0.7911609567522078,0.9523615568559555,0.8763319026906302
45,2,0-1-4-8,4,180,1.1924930865741883,218.54426261780165,1.7750381514297358,0.9864174093479514,0.8313870396318777,0.9523615568559555,0.9231829300052041
46,2,0-1-4-9,4,184,1.0637799253542672,219.6080425431559,1.7750381514297358,1.0609053070231058,0.8521518534549131,0.9524327519972094,0.9524327519971933
47,2,0-1-5-6,4,188,2.5406434284045667,222.14868597156047,1.0111601231303187,0.6832976263880421,0.5086778144630415,0.5434285876779936,0.5434285876779938
48,2,0-1-5-7,4,192,1.6785037063002333,223.8271896778607,0.6729965779775983,0.5184544662473247,0.3864809873884525,0.3626955863105214,0.36269558631052945
49,2,0-1-5-8,4,196,1.0864068943436787,224.91359657220437,0.7308546822392679,0.4383968602081321,0.36583427376582733,0.3953179741840598,0.3953179741840458
50,2,0-1-5-9,4,200,0.9843103936568238,225.89790696586118,0.7308546822392679,0.3722014625186606,0.2386826100440942,0.3953179741840598,0.3953179741840458
51,2,0-1-6-7,4,204,0.6845014200071626,226.58240838586835,0.4319079756153543,0.27863501492129183,0.22095620266706817,0.23118225621228247,0.2311822562122927
52,2,0-1-6-8,4,208,0.32672052191940215,226.90912890778776,0.36668172808301197,0.25046509074361306,0.22835614284761618,0.19539459618652114,0.19539459618653154
53,2,0-1-6-9,4,212,0.17158265994693114,227.08071156773468,0.36668172808301197,0.24022598442783882,0.20077303634465693,0.19539459618652114,0.19539459618653154
54,2,0-1-7-8,4,216,0.5975623002319876,227.67827386796668,0.29821221489867894,0.1695577271347958,0.1149156209988007,0.1592195007154676,0.15921950071545155
55,2,0-1-7-9,4,220,0.3505690420434289,228.0288429100101,0.29821221489867894,0.1393057754691203,0.10781564319201209,0.1592195007154676,0.15921950071545155
56,2,0-1-8-9,4,224,0.3049325601892479,228.33377547019936,0.29821221489867894,0.1538841293368701,0.14748277095273465,0.1592195007154676,0.15921950071545155
57,3,0-1-2-3,4,228,0.44526173331816776,228.77903720351753,0.25342779699280227,0.15652241471723477,0.14748277095273465,0.13854161733650197,0.13854161733652148
58,3,0-1-2-4,4,232,0.4484818846590972,229.22751908817662,0.19175445033849947,0.11868485570787865,0.11809779747424898,0.09664253176393264,0.09664253176393345
59,3,0-1-2-5,4,236,0.3357292254040832,229.56324831358071,0.18088870874425655,0.09492605647402494,0.07461942064787763,0.09664253176393264,0.09664253176393345
60,3,0-1-2-6,4,240,0.41419876616218004,229.9774470797429,0.18088870874425655,0.07811763113736415,0.06548870114751537,0.09664253176393264,0.09664253176393345
61,3,0-1-2-7,4,244,0.298191416999266,230.27563849674215,0.18088870874425655,0.06873746395870436,0.06548870114751537,0.09664253176393264,0.09883039365485757
62,3,0-1-2-8,4,248,0.32250273983344485,230.5981412365756,0.18088870874425655,0.09306001196516388,0.08068701007566403,0.09664253176393264,0.10842670536431598
63,3,0-1-2-9,4,252,0.4935185847400451,231.09165982131566,0.23448675015965212,0.13245765975013807,0.20617143652597747,0.09664253176393264,0.10773589941550199
64,3,0-1-3-4,4,256,0.4070456794703389,231.498705500786,0.14641567673104977,0.09004586230312739,0.12363064989443728,0.06647561296314054,0.07756898061472128
65,3,0-1-3-5,4,260,0.28929025991294655,231.78799576069895,0.15678119154093095,0.09508144574515118,0.12633050745162677,0.0776035344369824,0.0879896664177906
66,3,0-1-3-6,4,264,0.2522139752831001,232.04020973598205,0.14471040593823434,0.09775931227093108,0.12633050745162677,0.0658780518148051,0.05552738379666522
67,3,0-1-3-7,4,268,0.3145808518370723,232.3547905878191,0.15609718330585182,0.0931025582471505,0.10683999828783897,0.07127812905567339,0.06943547229911928
68,3,0-1-3-8,4,272,0.3663778344259741,232.72116842224509,0.15609718330585182,0.07591695941304426,0.09420958604391672,0.0764707058352914,0.07647070583528404
69,3,0-1-3-9,4,276,0.4677872198671197,233.1889556421122,0.1435354481031137,0.06827698736099387,0.06898010306858282,0.0764707058352914,0.07647070583528404
70,3,0-1-4-5,4,280,0.20354409456244726,233.39249973667467,0.09046934768740623,0.05721907729421143,0.06898010306858282,0.04794835815139795,0.05291172530039745
71,3,0-1-4-6,4,284,0.2516248714697553,233.6441246081444,0.10512643353576935,0.06030911436070414,0.03433434578400352,0.05693975881854708,0.06845477101956732
72,3,0-1-4-7,4,288,0.2271928258648993,233.8713174340093,0.08584343768524774,0.049513570323887014,0.03404960625084641,0.045391324110243034,0.045391324110234166
73,3,0-1-4-8,4,292,0.2263284612673129,234.09764589527663,0.08584343768524774,0.042581653890916164,0.0351057770046026,0.04515778242869773,0.0427684607668013
74,3,0-1-4-9,4,296,0.20669685462370818,234.30434274990034,0.08584343768524774,0.04178326739116622,0.03894436920232636,0.04515778242869773,0.06743830530255224
75,3,0-1-5-6,4,300,0.1918253340079435,234.4961680839083,0.03981109769399554,0.02042540610403871,0.016318004739929393,0.022280522873858077,0.029960952910862204
76,3,0-1-5-7,4,304,0.16855992633288125,234.66472801024116,0.05714453198077176,0.03212133039799299,0.015227376951031601,0.03266392246809958,0.05403452532826236
77,3,0-1-5-8,4,308,0.18371692956498342,234.84844493980614,0.05714453198077176,0.03387926064517765,0.008606973925950001,0.03266392246809958,0.04143954789600457
78,3,0-1-5-9,4,312,0.14422503336359313,234.99266997316974,0.06527027380835453,0.03558999490859218,0.015458180990194137,0.03718456138236142,0.048010330229125486
79,3,0-1-6-7,4,316,0.20279462138338286,235.19546459455313,0.04658357657152893,0.028873720979620834,0.03386574451917568,0.02572980735523748,0.019977429783246237
80,3,0-1-6-8,4,320,0.11242336220029663,235.30788795675343,0.05649185357506739,0.03676329247823795,0.046939852730574216,0.032303434162120774,0.032303434162130884
81,3,0-1-6-9,4,324,0.17962733712207987,235.4875152938755,0.07171429420691978,0.04904323787850314,0.04829547083302543,0.04065857285255737,0.06018916554801024
82,3,0-1-7-8,4,328,0.12595213060298457,235.6134674244785,0.07029030368385941,0.04159898251095638,0.033029841193638276,0.03961937125364701,0.03268955431620668
83,3,0-1-7-9,4,332,0.08490367187622014,235.69837109635472,0.053871169295291794,0.03768136521895836,0.03245834571028183,0.02964288370643907,0.03310016078037137
84,3,0-1-8-9,4,336,0.26379725559486156,235.96216835194957,0.07357205389567066,0.04570329123910825,0.07338579336817475,0.02964288370643907,0.034639376531643506
85,4,0-1-2-3,4,340,0.2821948169404617,236.24436316889003,0.05999668989773509,0.03601999018212585,0.0372767669109777,0.03272662981225589,0.0393454735535812
86,4,0-1-2-4,4,344,0.211458023873753,236.45582119276378,0.05495466451940262,0.03361562599491731,0.040612607168327486,0.028790554353884994,0.05089979123759747
87,4,0-1-2-5,4,348,0.15031525039458088,236.60613644315836,0.062043925378628975,0.0343430305897262,0.040612607168327486,0.03433819360420662,0.0401973216757483
88,4,0-1-2-6,4,352,0.18427455685683863,236.7904110000152,0.04963106517615141,0.027254227057483427,0.024730022236781224,0.027298165341924974,0.04552783948648198
89,4,0-1-2-7,4,356,0.11353294968929423,236.9039439497045,0.03539049530954924,0.022713569570059725,0.035374899921791325,0.014434633412732023,0.025263622429022803
90,4,0-1-2-8,4,360,0.12561829973250063,237.02956224943702,0.05640502828908499,0.02648229407474034,0.03947787832079541,0.032030607554221345,0.04349569028332212
91,4,0-1-2-9,4,364,0.1903536879388264,237.21991593737584,0.056984563367671874,0.028314521236846083,0.03436068963550554,0.031890222618157354,0.03926226298619895
92,4,0-1-3-4,4,368,0.18162110789949082,237.40153704527535,0.07177013898536257,0.036239385746337255,0.058128361387247196,0.027453323139753478,0.02470380300241004
93,4,0-1-3-5,4,372,0.15096934744075763,237.5525063927161,0.057932946634823734,0.03346146093364508,0.04818449174305783,0.028990298920919772,0.04553224970504033
94,4,0-1-3-6,4,376,0.16643960553125675,237.71894599824736,0.057932946634823734,0.03910934265392192,0.04818449174305783,0.03207137711813335,0.05050406048442824
95,4,0-1-3-7,4,380,0.19304169491647657,237.91198769316384,0.05621904502714102,0.02911120994501832,0.027698441424561793,0.03207137711813335,0.04752031267997836
96,4,0-1-3-8,4,384,0.16063660950342692,238.07262430266726,0.05575571068215601,0.030699285827248405,0.045747499186333584,0.030774498103798644,0.0312968770628288
97,4,0-1-3-9,4,388,0.2332596111178813,238.30588391378515,0.07052525448199268,0.0329173793647309,0.03603051483003128,0.034742879706739595,0.058759071904731286
98,4,0-1-4-5,4,392,0.14546495687938,238.45134887066453,0.03724599123028864,0.025584632904076726,0.02537412153908747,0.02110453188544458,0.026340159276053043
99,4,0-1-4-6,4,396,0.10880255047040654,238.56015142113495,0.04520651034277416,0.027077119055457816,0.029898989849812097,0.025584238350556412,0.034123153468023304
100,4,0-1-4-7,4,400,0.12617140147151704,238.68632282260646,0.03670449064299213,0.022052005914103334,0.02537412153908747,0.02062216325025395,0.023184478264077768
101,4,0-1-4-8,4,404,0.11957151170913105,238.80589433431558,0.04480488217103677,0.02436013116045103,0.02537412153908747,0.0253413819196558,0.03492849695083322
102,4,0-1-4-9,4,408,0.17478275823629408,238.98067709255187,0.04052229095998778,0.021608530461565925,0.02537412153908747,0.02316172382203833,0.023453860890242595
103,4,0-1-5-6,4,412,0.15663984310631388,239.1373169356582,0.03149184564000906,0.01896125510630878,0.01495355853161584,0.018031396977980334,0.029427289416041447
104,4,0-1-5-7,4,416,0.1468492999912853,239.28416623564948,0.03221800066982267,0.01980094941958864,0.011468118025419471,0.018031396977980334,0.0284740565319197
105,4,0-1-5-8,4,420,0.1177986675756534,239.40196490322512,0.02627544774833046,0.015874878948535905,0.022120185429727712,0.015009397072745305,0.01738476032177516
106,4,0-1-5-9,4,424,0.1863537341397667,239.5883186373649,0.07169822787560093,0.031830225582312154,0.021043603118584997,0.03992274880358087,0.04229811205258471
107,4,0-1-6-7,4,428,0.0931141387478713,239.68143277611276,0.065076302395401,0.028884508529327158,0.022400467956714465,0.035011334734694435,0.040245314921612874
108,4,0-1-6-8,4,432,0.1536316324606098,239.83506440857337,0.065076302395401,0.03249205004915879,0.04357095646025755,0.035011334734694435,0.027923243808331222
109,4,0-1-6-9,4,436,0.18699305548622272,240.0220574640596,0.05076950057088257,0.03249544414659662,0.040180510700650984,0.025037986568895276,0.025037986568904103
110,4,0-1-7-8,4,440,0.13397309040065153,240.15603055446024,0.04547862619138871,0.026644797508124176,0.029973179845896425,0.025548492162494316,0.025548492162506875
111,4,0-1-7-9,4,444,0.17626011430308094,240.33229066876333,0.04709710691985787,0.0286167090390456,0.026714810326112115,0.026037257803678562,0.025915208974318205
112,4,0-1-8-9,4,448,0.2377319707005146,240.57002263946384,0.0685506023807738,0.04254894246886983,0.0666526797540854,0.029078922090145353,0.03417607390913702
113,5,0-1-2-3,4,452,0.20547586128462123,240.77549850074845,0.06842648096891338,0.038079064737197695,0.06529817761418144,0.01807343762024101,0.02978840450596465
114,5,0-1-2-4,4,456,0.1782392525665949,240.95373775331504,0.04724180298046494,0.030844264101888338,0.04724132941505843,0.014015938500796006,0.016434466971446682
115,5,0-1-2-5,4,460,0.12295257818773148,241.07669033150276,0.06329769494343113,0.03686274673297284,0.04724132941505843,0.027673625853808167,0.03522449547845241
116,5,0-1-2-6,4,464,0.22365617497882237,241.3003465064816,0.05890596587349166,0.03062465691811187,0.031649277211343474,0.0322259555126362,0.03222595551262941
117,5,0-1-2-7,4,468,0.212465401931621,241.5128119084132,0.07715011348117357,0.03757875932990674,0.02620175886420384,0.04324411831790667,0.04324411831791508
118,5,0-1-2-8,4,472,0.2259191709567096,241.7387310793699,0.04754516456938513,0.029145862199950398,0.038316469910810724,0.020907857251084,0.03509019652614853
119,5,0-1-2-9,4,476,0.32702821941921606,242.06575929878912,0.07662356104803685,0.0456023945176616,0.05240925580824296,0.03465404013740793,0.03918836820058402
120,5,0-1-3-4,4,480,0.16381362551237,242.2295729243015,0.07662356104803685,0.051931210373352625,0.05054726453371927,0.03465404013740793,0.042255072592396914
121,5,0-1-3-5,4,484,0.11280032332588144,242.34237324762736,0.08493278992102395,0.049707456620248884,0.039303884621574525,0.043147232066728096,0.03553737656108069
122,5,0-1-3-6,4,488,0.24683208982906274,242.58920533745643,0.06013702188101542,0.03570958599547384,0.020427635604804095,0.03336428361328435,0.037265475351752286
123,5,0-1-3-7,4,492,0.11709757257804165,242.70630291003448,0.07571249928498074,0.04039154728266348,0.02235596216556246,0.04328346970642909,0.05776190178355023
124,5,0-1-3-8,4,496,0.14432753386568223,242.85063044390017,0.06013702188101542,0.032632469562746735,0.02789980096629563,0.03336428361328435,0.03686468284371358
125,5,0-1-3-9,4,500,0.2086292585161324,243.0592597024163,0.07154066903814563,0.04412517688374722,0.07079275342421454,0.03336428361328435,0.034993344994958875
126,5,0-1-4-5,4,504,0.18787850886959298,243.24713821128591,0.05519902448789352,0.03423319810824612,0.05512011983699949,0.022405862097251546,0.024095834906994185
127,5,0-1-4-6,4,508,0.19241142411951576,243.43954963540543,0.05154058984840755,0.03024016707426875,0.04015203517528221,0.022405862097251546,0.028545851845962034
128,5,0-1-4-7,4,512,0.13959824284356262,243.579147878249,0.047803518867464846,0.0322121463378563,0.041300158988647695,0.024212327749200506,0.025258485894234184
129,5,0-1-4-8,4,516,0.18628291986084422,243.76543079810983,0.04265773803629844,0.02802233928273767,0.027827485497837756,0.024212327749200506,0.042730409822240745
130,5,0-1-4-9,4,520,0.17133570200189915,243.93676650011173,0.05490360947961129,0.02743450039902163,0.01864433323825665,0.031158522803901637,0.02844497161829196
131,5,0-1-5-6,4,524,0.1733176406934476,244.11008414080518,0.05490360947961129,0.03851334206333716,0.02117299176309473,0.031158522803901637,0.05732596348472896
132,5,0-1-5-7,4,528,0.1628886161126208,244.2729727569178,0.07598101885330107,0.0384691530087585,0.023615426230009007,0.04137293184214476,0.046243614485817375
133,5,0-1-5-8,4,532,0.16181163136129162,244.4347843882791,0.05490360947961129,0.03560829107172272,0.03048219125176388,0.031158522803901637,0.043894810770083836
134,5,0-1-5-9,4,536,0.08637946246509098,244.5211638507442,0.05490360947961129,0.0349386271206443,0.027570622048074256,0.031158522803901637,0.03806070164180397
135,5,0-1-6-7,4,540,0.16388087353352937,244.68504472427773,0.07224526222517393,0.03692732658059638,0.027570622048074256,0.04059976970008476,0.04059976970008705
136,5,0-1-6-8,4,544,0.12226715502481138,244.80731187930255,0.05112023839777874,0.03212416658779117,0.027570622048074256,0.027246966079794415,0.040831406877849474
137,5,0-1-6-9,4,548,0.17913979269328317,244.98645167199584,0.048599244102716266,0.032506580359205554,0.0288231394754348,0.02393631469834423,0.0261747037866229
138,5,0-1-7-8,4,552,0.27347995589924146,245.25993162789507,0.06617168602547238,0.037963480839695626,0.027226519350207923,0.03763332527342088,0.042494790271575766
139,5,0-1-7-9,4,556,0.1530934205488122,245.41302504844387,0.09212900702140399,0.04596165117286219,0.0303232463822809,0.04985243441048576,0.049852434410475155
140,5,0-1-8-9,4,560,0.20253938773130406,245.61556443617516,0.09596970640647653,0.04712107732372967,0.04069284353508351,0.05125926813598874,0.05125926813598625
141,6,0-1-2-3,4,564,0.16703162679797143,245.78259606297314,0.09596970640647653,0.04388000503314706,0.03574831408582213,0.05125926813598874,0.05125926813598625
142,6,0-1-2-4,4,568,0.19569048280234388,245.9782865457755,0.09596970640647653,0.042198953676294594,0.03477221889185955,0.05125926813598874,0.05125926813598625
143,6,0-1-2-5,4,572,0.14840474922115984,246.12669129499665,0.09596970640647653,0.04365460912337336,0.03477221889185955,0.05125926813598874,0.05125926813598625
144,6,0-1-2-6,4,576,0.1729872257548922,246.29967852075154,0.09596970640647653,0.04748528785433254,0.03477221889185955,0.05125926813598874,0.05125926813598625
145,6,0-1-2-7,4,580,0.1180009548323084,246.41767947558384,0.09596970640647653,0.05240488283630359,0.039218909329065355,0.05125926813598874,0.05125926813598625
146,6,0-1-2-8,4,584,0.13772303933423247,246.55540251491806,0.09596970640647653,0.05769362004301495,0.05037459152723045,0.05125926813598874,0.05125926813598625
147,6,0-1-2-9,4,588,0.3048435901808352,246.8602461050989,0.13764255536263068,0.08087515126745369,0.10156883897373348,0.06051007876445472,0.06958836067277474
148,6,0-1-3-4,4,592,0.2609770938020817,247.12122319890096,0.0869226776169807,0.05935049378646373,0.06857351500094921,0.040578503096366667,0.05981556517242126
149,6,0-1-3-5,4,596,0.24547471542448526,247.36669791432544,0.09735760172038317,0.05926461513731061,0.06857351500094921,0.05535187335310041,0.06549204378922724
150,6,0-1-3-6,4,600,0.20907107171781575,247.57576898604327,0.06457120996601104,0.04067485098568421,0.053803698546772694,0.025017353274706354,0.04253116021426706
151,6,0-1-3-7,4,604,0.12216780300404545,247.6979367890473,0.06729646473307255,0.037893339031043805,0.062209733978733084,0.02234169434154248,0.028051331706748783
152,6,0-1-3-8,4,608,0.12524437365222799,247.82318116269954,0.0665829140826614,0.04384425146541826,0.05354325431261486,0.037959514779256805,0.038045120937724164
153,6,0-1-3-9,4,612,0.167671002832006,247.99085216553155,0.047447982092062684,0.034069778543346786,0.041544196036056746,0.027140937291258868,0.02878856958112408
154,6,0-1-4-5,4,616,0.1536298167319307,248.14448198226347,0.08602141333733482,0.04358229160620073,0.0438366574171738,0.04835342280148811,0.04835342280149035
155,6,0-1-4-6,4,620,0.12678346519616682,248.27126544745963,0.09302789264079807,0.04108620062132907,0.041361967342126604,0.0531811901346071,0.05318119013459466
156,6,0-1-4-7,4,624,0.1433153879897894,248.4145808354494,0.051051798894055485,0.030332769328300226,0.018731542615668673,0.029207524599612768,0.029207524599598855
157,6,0-1-4-8,4,628,0.11451616063151979,248.52909699608094,0.056447651577586674,0.032966905966902826,0.018731542615668673,0.031793438514080036,0.033979509800715846
158,6,0-1-4-9,4,632,0.1423595586583773,248.6714565547393,0.04214291091424883,0.028317421279082104,0.01828247539187089,0.023718070701382536,0.018424079804759685
159,6,0-1-5-6,4,636,0.13671161457622222,248.80816816931554,0.03173548423564032,0.023845907968012274,0.018678706525363964,0.0180471437215172,0.03305515095107836
160,6,0-1-5-7,4,640,0.11251381260528558,248.9206819819208,0.03790073906082259,0.022809268866487722,0.03645823020481487,0.018189189387770338,0.029613260838779354
161,6,0-1-5-8,4,644,0.11482613226004593,249.03550811418086,0.03173548423564032,0.021262115665247185,0.03036937650300331,0.017809083544914128,0.034482872641007134
162,6,0-1-5-9,4,648,0.1543585082505709,249.18986662243142,0.036189368789891076,0.027520125693288343,0.030455734823860325,0.02062496566102878,0.03151706063443527
163,6,0-1-6-7,4,652,0.11904940100534238,249.30891602343678,0.05206246506831659,0.026278214597750166,0.030255766271494622,0.02427168481689866,0.03833282026053553
164,6,0-1-6-8,4,656,0.11790481078511632,249.4268208342219,0.03805591646416214,0.024650433957390805,0.027588100600951293,0.020089289844069783,0.03194485837523331
165,6,0-1-6-9,4,660,0.19630239746453898,249.62312323168644,0.06017049510104258,0.03653845057390275,0.02767430625453926,0.033572942698342205,0.04453149056465122
166,6,0-1-7-8,4,664,0.1680579048128557,249.7911811364993,0.062026621106596534,0.040544215766356355,0.047052604563120326,0.032040524821163624,0.032282675283447304
167,6,0-1-7-9,4,668,0.17407384384815963,249.96525498034745,0.06739682443224168,0.04460842962938457,0.04296075612002426,0.03421233736986891,0.03277190518158335
168,6,0-1-8-9,4,672,0.14097363061589782,250.10622861096334,0.07380161889051219,0.04011437136719111,0.04624505189103445,0.03294654346722372,0.0329465434672116
169,7,0-1-2-3,4,676,0.27803852145063596,250.38426713241398,0.07380161889051219,0.04728960972151027,0.05364726786406493,0.03294654346722372,0.0329465434672116
170,7,0-1-2-4,4,680,0.22106579754421712,250.6053329299582,0.08119518707646536,0.040922022508134245,0.04624505189103445,0.04590014882468635,0.04992510292923669
171,7,0-1-2-5,4,684,0.30824288534164673,250.91357581529985,0.0817326442381705,0.055693821448075415,0.04624505189103445,0.04649808336268617,0.07944462682988274
172,7,0-1-2-6,4,688,0.23440885381611218,251.14798466911597,0.07380161889051219,0.03633429668140552,0.04624505189103445,0.03294654346722372,0.036068095267403066
173,7,0-1-2-7,4,692,0.26108230008713573,251.4090669692031,0.07393836117072616,0.04286639696694988,0.04624505189103445,0.042108762819387136,0.042108762819381695
174,7,0-1-2-8,4,696,0.20135743995774277,251.61042440916086,0.09351320033019538,0.055958827871856895,0.04624505189103445,0.052682171882891184,0.04242687807692391
175,7,0-1-2-9,4,700,0.3358568183594745,251.94628122752033,0.0823565038276139,0.0615770691974656,0.0715517403540531,0.0424268780769235,0.07946330437010829
176,7,0-1-3-4,4,704,0.29316662638221636,252.23944785390253,0.06803208813154413,0.03844148101154426,0.05705145419121038,0.03323564671927283,0.04496762150211708
177,7,0-1-3-5,4,708,0.2127248839796353,252.45217273788217,0.0548605364984478,0.03522979825708147,0.038162064780465244,0.02971510068960924,0.04144707547246895
178,7,0-1-3-6,4,712,0.1876961393221514,252.63986887720432,0.06173604586106708,0.02985542632197062,0.034324462095682406,0.02940604979373666,0.044426176217804425
179,7,0-1-3-7,4,716,0.12716177053361863,252.76703064773795,0.07621328446428034,0.03898797482041023,0.03872795035098875,0.043416411069002084,0.04975264128177059
180,7,0-1-3-8,4,720,0.2404063274618773,253.00743697519982,0.05265826990082077,0.02826274118459993,0.013235870189234333,0.029942955824641675,0.027945669360029513
181,7,0-1-3-9,4,724,0.17796075570282296,253.18539773090265,0.04681900084938886,0.027036381100300537,0.033455235178237785,0.02650202502537637,0.027769517905149144
182,7,0-1-4-5,4,728,0.17973342941251796,253.36513116031517,0.04917794319612638,0.03256092516691449,0.036344732556699455,0.01897806931851338,0.03394243551057485
183,7,0-1-4-6,4,732,0.12360870364011489,253.4887398639553,0.0618157233682804,0.037080592558669793,0.03739906926860215,0.02819504102415388,0.03167742048728428
184,7,0-1-4-7,4,736,0.16560011670379982,253.65433998065907,0.06924844329511723,0.03303325944060973,0.029524085045920856,0.0390510109104585,0.05175036207923256
185,7,0-1-4-8,4,740,0.12215653132150771,253.77649651198058,0.07089234925973713,0.033340981826397345,0.023239338523609376,0.04035395613981795,0.04659827338870315
186,7,0-1-4-9,4,744,0.17594113297519265,253.95243764495578,0.053071519456285285,0.027204302589731295,0.023239338523609376,0.030112776155118343,0.043773328463480254
187,7,0-1-5-6,4,748,0.17603669265035304,254.12847433760612,0.06529305096241451,0.027762825527280263,0.024496978859431806,0.036528428791653814,0.03825642271774399
188,7,0-1-5-7,4,752,0.13604292131422568,254.26451725892034,0.04442698427065592,0.028263071810479337,0.022529468667741526,0.02540950842971857,0.02540950842972478
189,7,0-1-5-8,4,756,0.13163672098004198,254.3961539799004,0.07650690200651558,0.03399652876705745,0.020889948106855627,0.043568095228080896,0.04356809522807481
190,7,0-1-5-9,4,760,0.1238250140624583,254.51997899396284,0.06884885877457911,0.03295567718986862,0.028019278774905843,0.038372281927698024,0.0383722819276997
191,7,0-1-6-7,4,764,0.16575979956598222,254.68573879352883,0.0598719763148719,0.031938054772261165,0.03179205477167102,0.03327723024600624,0.04254738108723899
192,7,0-1-6-8,4,768,0.14306164720448084,254.82880044073332,0.045031849911908055,0.02092882810508973,0.01779191855284523,0.0247823357137821,0.021427692109220686
193,7,0-1-6-9,4,772,0.12049378279802861,254.94929422353135,0.04189945229126547,0.0195093580692182,0.009387863590475831,0.023815543483102698,0.023815543483102886
194,7,0-1-7-8,4,776,0.21551094299223322,255.1648051665236,0.07048980152994137,0.033049423666710695,0.017599804453496404,0.03911199483615089,0.0482503229940221
195,7,0-1-7-9,4,780,0.17594208261703015,255.34074724914063,0.052053594515188414,0.027858154872827987,0.023277069288752728,0.028781839938958477,0.032234040204535575
196,7,0-1-8-9,4,784,0.204344076718517,255.54509132585915,0.056625071573706415,0.026340893180948843,0.020196136252806696,0.03120870038596809,0.040634677156759835
197,8,0-1-2-3,4,788,0.1997027617280346,255.7447940875872,0.09368996958833638,0.040483524472874025,0.07002631960719441,0.035674801516615104,0.025716219899287296
198,8,0-1-2-4,4,792,0.11046388846690212,255.8552579760541,0.1009507642687998,0.039565850073376374,0.07228227329177628,0.04039219313032374,0.045073767463968295
199,8,0-1-2-5,4,796,0.16748651675196272,256.02274449280605,0.04554832538006649,0.0234483163630643,0.01933338772541049,0.024268223287996417,0.03476355311021706
200,8,0-1-2-6,4,800,0.1230523689163002,256.1457968617224,0.03520339672960179,0.021431160705923113,0.02118711697377762,0.01610630932326374,0.03025187651063277
201,8,0-1-2-7,4,804,0.10239857194362148,256.248195433666,0.03647907619159217,0.019956474407928585,0.01635147341292509,0.01868210124405622,0.03282766843140905
202,8,0-1-2-8,4,808,0.10629920356844316,256.35449463723444,0.02783804904221982,0.018784272911504637,0.026134409022660066,0.014145567187377405,0.021869497076792754
203,8,0-1-2-9,4,812,0.2173675374938679,256.5718621747283,0.05447378217411462,0.03559987384134816,0.05432371333802166,0.02618309686294741,0.04032866405031399
204,8,0-1-3-4,4,816,0.21640485181606867,256.7882670265444,0.05060935218684098,0.033344974895338685,0.033163268147674785,0.02618309686294741,0.03810128752424191
205,8,0-1-3-5,4,820,0.15478929425254462,256.943056320797,0.05444513183577233,0.033946820316251215,0.033163268147674785,0.0303905833894902,0.03039058338949019
206,8,0-1-3-6,4,824,0.12525389777057672,257.06831021856755,0.06152083309009372,0.034845321796905186,0.030255468378157957,0.034178660076623894,0.03417866007663406
207,8,0-1-3-7,4,828,0.11551707335532084,257.18382729192285,0.07148370165557669,0.03959450108608678,0.028882469157736068,0.03950525492023589,0.039505254920221944
208,8,0-1-3-8,4,832,0.2047475716901299,257.388574863613,0.05060935218684098,0.03891751686012818,0.021737847033406865,0.02618309686294741,0.04633954380133076
209,8,0-1-3-9,4,836,0.20205929014665686,257.59063415375965,0.06250238362551422,0.034448929047766155,0.0504616891071521,0.033394004819465146,0.03916557980712554
210,8,0-1-4-5,4,840,0.13572170125385072,257.7263558550135,0.034268881137710594,0.022719857167411345,0.026832212869862815,0.019524439492047865,0.03385019446613313
211,8,0-1-4-6,4,844,0.18506566167537705,257.91142151668885,0.06178738597386743,0.02803118151678786,0.026832212869862815,0.03540155830124172,0.04630308973408859
212,8,0-1-4-7,4,848,0.10008439551632253,258.01150591220517,0.040644051488920106,0.022530196008728222,0.0206237520813346,0.023264395091153047,0.04276455557010905
213,8,0-1-4-8,4,852,0.13513999960609283,258.1466459118113,0.050745479201079344,0.025988768925095135,0.0206237520813346,0.028965633895236976,0.02559182918525238
214,8,0-1-4-9,4,856,0.1313672488579147,258.2780131606692,0.04902792114262381,0.028868070095964884,0.027831599684532193,0.02797553242852395,0.03545986584735061
215,8,0-1-5-6,4,860,0.10652266066416557,258.3845358213334,0.07405325537261184,0.03539726927667103,0.014108322066107348,0.042426175612924666,0.04242617561291695
216,8,0-1-5-7,4,864,0.0960208954507571,258.4805567167841,0.0596388089054389,0.03471481964886408,0.014108322066107348,0.03410702416008226,0.03410702416008604
217,8,0-1-5-8,4,868,0.1407852805846921,258.6213419973688,0.06082369765077954,0.026260316488981354,0.018193124710620623,0.03484873377939149,0.02630708387104619
218,8,0-1-5-9,4,872,0.13432230402703504,258.7556643013958,0.0365012324649367,0.02603606820623584,0.009890595434399074,0.020872340022807644,0.033690524817906464
219,8,0-1-6-7,4,876,0.15405346795978161,258.9097177693556,0.05377077420902345,0.027164906509781473,0.017923064561884416,0.03059854104524727,0.03059854104524362
220,8,0-1-6-8,4,880,0.10031776883269641,259.01003553818833,0.04968734508597106,0.032834130059207926,0.036382313908163155,0.02687971931511011,0.024660140937882602
221,8,0-1-6-9,4,884,0.09003908723071136,259.10007462541904,0.03922146591824819,0.02574953863075087,0.027963584453019052,0.022169103816205682,0.025620588747671036
222,8,0-1-7-8,4,888,0.15251329599030572,259.2525879214094,0.03185034573831674,0.020828498456228434,0.02048499632707035,0.01593250090183665,0.027337186474476027
223,8,0-1-7-9,4,892,0.1447266121792901,259.39731453358866,0.05866433138155252,0.03133005083683868,0.03156719004134345,0.030284512414637137,0.03432702842000168
224,8,0-1-8-9,4,896,0.11864152179904434,259.5159560553877,0.052558645609715494,0.03445190945390537,0.03785344251771505,0.0285365199535788,0.032779433905801625
225,9,0-1-2-3,4,900,0.25253974691820197,259.7684958023059,0.07246377770554124,0.04071807443370622,0.06828376153758597,0.024672707235975054,0.038498781027854534
226,9,0-1-2-4,4,904,0.16385257587372137,259.9323483781796,0.07349884592927493,0.042411425798911356,0.059319176571989374,0.03128249327881938,0.026376638957763987
227,9,0-1-2-5,4,908,0.21404315508753616,260.14639153326715,0.07349884592927493,0.051016322457346615,0.0527358234943307,0.03246628003583341,0.053141827810186726
228,9,0-1-2-6,4,912,0.21441841270497058,260.3608099459721,0.053805129402707645,0.03832148519342921,0.04248138124577849,0.03073599505192964,0.05540870228789885
229,9,0-1-2-7,4,916,0.18601196243697127,260.5468219084091,0.11603167957156149,0.05489546407862946,0.05015877391966228,0.0663404606317214,0.09101316786771463
230,9,0-1-2-8,4,920,0.1893703885175934,260.7361922969267,0.07991468996272252,0.04412514782619148,0.07796777273142652,0.04103533042250132,0.06570803765848154
231,9,0-1-2-9,4,924,0.24327078535267196,260.9794630822793,0.07890349827052184,0.055012030067045734,0.07643806531316955,0.035901733710096966,0.06163943050349019
232,9,0-1-3-4,4,928,0.15559316901374926,261.13505625129307,0.08622895742989366,0.05268450430327494,0.0854645021689322,0.03760474423640074,0.06163943050349019
233,9,0-1-3-5,4,932,0.16771373115943444,261.3027699824525,0.0719565232900582,0.03793155725135712,0.06859171665237795,0.02573769679338705,0.02091537852685832
234,9,0-1-3-6,4,936,0.1969040582180857,261.4996740406706,0.07247696899081671,0.051583869000837536,0.06859171665237795,0.04139703361596924,0.03755266228829868
235,9,0-1-3-7,4,940,0.18577883387484678,261.68545287454543,0.08084212306315067,0.0519990430209983,0.05984497296469726,0.04485919059657075,0.02374073393282572
236,9,0-1-3-8,4,944,0.26046222654251894,261.94591510108796,0.06509240031320265,0.04138897510628247,0.045495910219543134,0.033943035923465904,0.04989077247810769
237,9,0-1-3-9,4,948,0.2884948253848779,262.23440992647284,0.07446584661696196,0.04815428205296457,0.0600980830529636,0.04264814072278682,0.05500758705390041
238,9,0-1-4-5,4,952,0.2531813766422739,262.4875913031151,0.11739616039552,0.05717333564882922,0.0600980830529636,0.06627004195925634,0.05940712369372392
239,9,0-1-4-6,4,956,0.16697108481988523,262.65456238793496,0.07733410413315973,0.055504161340872764,0.06359684329338222,0.04429542027550168,0.05913934667364629
240,9,0-1-4-7,4,960,0.07073125553107446,262.72529364346605,0.08921686409839948,0.05670894863823112,0.06373049559113042,0.050876094414536874,0.0657200208126838
241,9,0-1-4-8,4,964,0.2156028456146039,262.94089648908067,0.08921686409839948,0.06248096589095134,0.058972900830738695,0.050876094414536874,0.05752034460324751
242,9,0-1-4-9,4,968,0.18988394157496083,263.13078043065565,0.11252932873580626,0.06187354087585171,0.058972900830738695,0.06248656443439291,0.062486564434394154
243,9,0-1-5-6,4,972,0.27415445070002953,263.4049348813557,0.08586295776333265,0.04815526749812928,0.03274623281772904,0.045470147581908246,0.04250869886278963
244,9,0-1-5-7,4,976,0.19123512003408508,263.5961700013898,0.08586295776333265,0.0477748215518939,0.03274623281772904,0.045470147581908246,0.042388259404404494
245,9,0-1-5-8,4,980,0.1723578856762878,263.76852788706606,0.08586295776333265,0.04309024101436262,0.03693617747647693,0.045470147581908246,0.03959236763247276
246,9,0-1-5-9,4,984,0.21564560148978418,263.9841734885558,0.09048254312265427,0.05857895867688393,0.038981795038864675,0.04978947552905824,0.026692834971242974
247,9,0-1-6-7,4,988,0.21952607386892567,264.20369956242473,0.09048254312265427,0.06051132099743185,0.04002103502375576,0.04978947552905824,0.03726391705436072
248,9,0-1-6-8,4,992,0.09032461283052118,264.29402417525523,0.08592695128092043,0.05573921208762804,0.038981795038864675,0.044584635469691804,0.035130063321851424
249,9,0-1-6-9,4,996,0.1539350533529616,264.44795922860817,0.07544222202524388,0.05035406987450533,0.04699058874658135,0.03703580969332492,0.03766782974805949
250,9,0-1-7-8,4,1000,0.10522165335855255,264.55318088196674,0.08407189198775203,0.051700174536248075,0.052498505814298824,0.041315621447440574,0.03252214445168278
251,9,0-1-7-9,4,1004,0.30467554537997066,264.8578564273467,0.09928184645447052,0.056690223986233405,0.04699058874658135,0.055132064797857254,0.04270700270531336
252,9,0-1-8-9,4,1008,0.49550232412371464,265.3533587514704,0.13627206790421983,0.08120068426638995,0.08668240375702396,0.07430450060680499,0.07430450060679306
253,10,0-1-2-3,4,1012,0.3764292089594374,265.72978796042986,0.1521246893501374,0.09714163606350643,0.07921245794328513,0.08392414161848673,0.08392414161849615
254,10,0-1-2-4,4,1016,0.2778661618950107,266.0076541223249,0.13627206790421983,0.07333534108965199,0.06446124597721337,0.07430450060680499,0.07430450060679306
255,10,0-1-2-5,4,1020,0.268298414586419,266.2759525369113,0.13627206790421983,0.0636378615196151,0.04193710160157593,0.07430450060680499,0.07430450060679306
256,10,0-1-2-6,4,1024,0.1623452134348351,266.4382977503461,0.13627206790421983,0.06983162955009307,0.04193710160157593,0.07430450060680499,0.07430450060679306
257,10,0-1-2-7,4,1028,0.2671948007133496,266.7054925510595,0.13627206790421983,0.06746355129108494,0.047714103136499375,0.07430450060680499,0.07430450060679306
258,10,0-1-2-8,4,1032,0.1887680110734098,266.8942605621329,0.14256019549002086,0.0795000872971232,0.05902058219440676,0.07433020448627495,0.07430450060679306
259,10,0-1-2-9,4,1036,0.3688990968990606,267.26315965903194,0.1586644220097829,0.09251814250296636,0.08579705302199159,0.08446218051976463,0.07430450060679306
260,10,0-1-3-4,4,1040,0.27720968929403134,267.54036934832595,0.10288441419443706,0.06583923200754364,0.06618745804034631,0.05118412195673747,0.06695257225222662
261,10,0-1-3-5,4,1044,0.17243553082168753,267.71280487914765,0.08220441170836158,0.05945759244483178,0.06273055993891319,0.043809723489750485,0.046337996386547786
262,10,0-1-3-6,4,1048,0.1409186661649094,267.85372354531256,0.08220441170836158,0.058066541588073534,0.06273055993891319,0.03477470298211869,0.045286125797275645
263,10,0-1-3-7,4,1052,0.14992639395842633,268.003649939271,0.07152005026674475,0.0538761574699938,0.060048652622455734,0.038248833807590726,0.03824883380757882
264,10,0-1-3-8,4,1056,0.19564500838126908,268.1992949476523,0.0837771894123486,0.049450691428161705,0.047879897288368056,0.04585345290606172,0.04585345290603726
265,10,0-1-3-9,4,1060,0.17660923849381163,268.3759041861461,0.0837771894123486,0.040556809255367185,0.026352565444909715,0.04585345290606172,0.04585345290603726
266,10,0-1-4-5,4,1064,0.11656571574609587,268.4924699018922,0.0638631973981463,0.04214706875661762,0.03993642089157845,0.03615284217199883,0.03615284217200809
267,10,0-1-4-6,4,1068,0.21212137280470664,268.7045912746969,0.07765286219369448,0.043761210951909726,0.023543052521333152,0.04365878937235899,0.0333421868742505
268,10,0-1-4-7,4,1072,0.15234811124377473,268.8569393859407,0.061306150719875725,0.03820273487196632,0.029578144769700998,0.03356280145276993,0.02828257846088178
269,10,0-1-4-8,4,1076,0.101717670416017,268.9586570563567,0.061306150719875725,0.041476323995543386,0.032628358095720955,0.03356280145276993,0.03155669395972893
270,10,0-1-4-9,4,1080,0.1309263721943288,269.089583428551,0.08490752645118418,0.043014723025909585,0.030400145823477942,0.04598190759164243,0.04598190759163856
271,10,0-1-5-6,4,1084,0.16448784689173424,269.25407127544275,0.05253954161777496,0.03327761098425537,0.03136961988663245,0.026204309491965568,0.030307651604481123
272,10,0-1-5-7,4,1088,0.19806668460050636,269.4521379600433,0.03644996264743747,0.023438393872182026,0.025041026564977642,0.01860311082991022,0.018603110829900515
273,10,0-1-5-8,4,1092,0.16034811581175773,269.61248607585503,0.04780567884476157,0.026333389320910144,0.028273635031311528,0.026254691037991187,0.026254691038005262
274,10,0-1-5-9,4,1096,0.20743284513997862,269.819918920995,0.06728193680757771,0.029426753787686638,0.01589829939507581,0.03818899241968167,0.05322045668736308
275,10,0-1-6-7,4,1100,0.10829380648722656,269.9282127274822,0.06861307324109504,0.03165574727317228,0.027480221543243033,0.03862149022618566,0.0536529544938773
276,10,0-1-6-8,4,1104,0.13834126843550765,270.06655399591773,0.06861307324109504,0.03263334679039599,0.01340882980038316,0.03862149022618566,0.047620365251304975
277,10,0-1-6-9,4,1108,0.1372866644598254,270.2038406603776,0.06372057357730392,0.03316592873740609,0.01300941091852792,0.035953618682005736,0.04269770534872208
278,10,0-1-7-8,4,1112,0.1754423345059736,270.37928299488357,0.06372057357730392,0.03110781623243214,0.03573510707886385,0.035953618682005736,0.02927067297267172
279,10,0-1-7-9,4,1116,0.24447711525720603,270.6237601101408,0.07206803663548693,0.03397345527984727,0.017177669516883043,0.040105291578679106,0.0481534248542701
280,10,0-1-8-9,4,1120,0.15719789918011626,270.7809580093209,0.05455894918922748,0.029796090839240504,0.04278928817781491,0.029809368592630843,0.03436690228924988
281,11,0-1-2-3,4,1124,0.2260356259463383,271.00699363526724,0.07842013319497244,0.0451593702645979,0.056941490725861854,0.04188850357812072,0.06409820494005203
282,11,0-1-2-4,4,1128,0.1644693852469122,271.1714630205141,0.10194668039155785,0.046120835757557294,0.03018407679459756,0.055807911815137536,0.05580791181516531
283,11,0-1-2-5,4,1132,0.13557749114710294,271.3070405116612,0.08112996755585426,0.041385689076357535,0.032600349358403946,0.04611299996536624,0.053851496501785334
284,11,0-1-2-6,4,1136,0.17889637066823086,271.48593688232944,0.05455894918922748,0.024520699838920416,0.02522432962256005,0.029809368592630843,0.029809368592623287
285,11,0-1-2-7,4,1140,0.17288718022510735,271.6588240625546,0.06274191589810169,0.036599959893671596,0.05714409109737062,0.029809368592630843,0.04440521487475735
286,11,0-1-2-8,4,1144,0.13423459326399506,271.7930586558186,0.07151556615092064,0.041894832418738495,0.07035776703530416,0.029809368592630843,0.054880052097523446
287,11,0-1-2-9,4,1148,0.3159709838190482,272.10902963963764,0.1097120733802387,0.06801283807209905,0.0850907043795388,0.039663553332663276,0.05944693928089606
288,11,0-1-3-4,4,1152,0.28989251848359177,272.39892215812125,0.08196971817189908,0.04533315794594038,0.06316928499735752,0.037598165368147876,0.03432215114962389
289,11,0-1-3-5,4,1156,0.12036731322155383,272.5192894713428,0.07240638269909838,0.04675067754287955,0.06498868870761498,0.03540289946606436,0.0321268852475356
290,11,0-1-3-6,4,1160,0.10051330340526651,272.61980277474805,0.07476096721669792,0.04424411088135126,0.04988777507983855,0.04171095165922743,0.031848991941402005
291,11,0-1-3-7,4,1164,0.23126986642470204,272.8510726411728,0.06312769826911631,0.03967694963634918,0.04988777507983855,0.031167540838827265,0.04825219095084776
292,11,0-1-3-8,4,1168,0.20044884750972292,273.0515214886825,0.06335681947945959,0.029968491495686138,0.01903476253720271,0.03475936073572488,0.050848615148368026
293,11,0-1-3-9,4,1172,0.10161487214524875,273.1531363608278,0.05652032764212297,0.024340141575764106,0.027329836087133685,0.0283501037520224,0.039909365674404285
294,11,0-1-4-5,4,1176,0.11235841229535508,273.2654947731231,0.019882740218596644,0.010889939286949531,0.00883041410105534,0.010207258345290302,0.015042158442810205
295,11,0-1-4-6,4,1180,0.11811665476629118,273.38361142788943,0.04127751474308844,0.022080180143969192,0.019133812783252324,0.023325606922977023,0.03353286526823496
296,11,0-1-4-7,4,1184,0.12964776274727366,273.5132591906367,0.024840040399109267,0.016339769217086315,0.013096790844585371,0.014100627349172386,0.021960112715149194
297,11,0-1-4-8,4,1188,0.11431058809724386,273.6275697787339,0.025183029738605964,0.01720544037217659,0.024824827065003774,0.01259731576563526,0.02015806251961294
298,11,0-1-4-9,4,1192,0.23558929103868942,273.8631590697726,0.053845277007510725,0.029170132448924885,0.034007886957226674,0.030755024371044822,0.030755024371046602
299,11,0-1-5-6,4,1196,0.08199872644170376,273.94515779621435,0.04485794554166821,0.02759170439710988,0.025363545875833893,0.02321912580422412,0.02321912580423202
300,11,0-1-5-7,4,1200,0.10154828002951154,274.0467060762439,0.06115993296118895,0.03270616968668569,0.031052244931501605,0.030184783287631516,0.025879954601158772
301,11,0-1-5-8,4,1204,0.11423762734199439,274.1609437035859,0.0761879974172523,0.03389853068663857,0.027505222134109886,0.042701746755834165,0.03698807319218389
302,11,0-1-5-9,4,1208,0.11513589900256442,274.2760796025884,0.09033406900888158,0.03617780476688671,0.01361059992882474,0.0513063222907158,0.04451100254708251
303,11,0-1-6-7,4,1212,0.2538927704265791,274.529972373015,0.09033406900888158,0.04484095582553483,0.0357987958548307,0.0513063222907158,0.06110529609373572
304,11,0-1-6-8,4,1216,0.17102250185683224,274.70099487487187,0.09033406900888158,0.05017968812221685,0.03547642264867079,0.0513063222907158,0.04518611274104245
305,11,0-1-6-9,4,1220,0.1537400650357026,274.8547349399076,0.12061777608756218,0.0681792624902157,0.05017252377624004,0.06286213034184325,0.06286213034183419
306,11,0-1-7-8,4,1224,0.15113224865406175,275.00586718856164,0.10080908142633682,0.06559857936526747,0.05488245836505712,0.05120272772421005,0.05211049443757787
307,11,0-1-7-9,4,1228,0.13073893296541908,275.13660612152705,0.09002088408482778,0.05547379931704337,0.06351147421946735,0.03973541167124601,0.036280288672180916
308,11,0-1-8-9,4,1232,0.24115577589065929,275.3777618974177,0.1191181536786766,0.066116056882208,0.116974680502139,0.03973541167124601,0.03914709779230208
309,12,0-1-2-3,4,1236,0.3630571720753082,275.740819069493,0.11226975111745172,0.07982497022957914,0.08261406396269422,0.05427175031423746,0.05676683342601052
310,12,0-1-2-4,4,1240,0.1869560470545993,275.9277751165476,0.1018067783180277,0.06371992796459633,0.06611263799069889,0.044372630345921406,0.042238579524351394
311,12,0-1-2-5,4,1244,0.1995347288074696,276.12730984535506,0.08410215751115561,0.0470152665301493,0.03778575662136063,0.04764769635688163,0.047647696356854397
312,12,0-1-2-6,4,1248,0.26285552976260707,276.39016537511765,0.05736034798610963,0.032768437341155386,0.028679203220505656,0.03028107727380475,0.031365580507582536
313,12,0-1-2-7,4,1252,0.22341986305941222,276.61358523817705,0.05736034798610963,0.036528027029669737,0.022308353517217938,0.03028107727380475,0.05139060229448944
314,12,0-1-2-8,4,1256,0.2152580348485996,276.82884327302565,0.05851058510517945,0.04516072698871619,0.046849594146081586,0.03028107727380475,0.059776420174912914
315,12,0-1-2-9,4,1260,0.272304551857933,277.1011478248836,0.10619788365055302,0.05583230652199635,0.10485772992221598,0.03028107727380475,0.05815387663758287
316,12,0-1-3-4,4,1264,0.1541533160635326,277.2553011409471,0.07100746340805235,0.047972271745150674,0.06671435858275743,0.04055423815565969,0.06584058907888135
317,12,0-1-3-5,4,1268,0.21014877224205242,277.46544991318916,0.05587996768371299,0.035833793675170485,0.04391251692368314,0.027872799363801663,0.02262266598864926
318,12,0-1-3-6,4,1272,0.18450105368289985,277.64995096687204,0.08572135351224214,0.044045260281159924,0.04391251692368314,0.046526707145190783,0.04620882528648451
319,12,0-1-3-7,4,1276,0.2630495805841891,277.91300054745625,0.09942496529517117,0.059006065157136106,0.027483980259106033,0.055293943340315295,0.06400887823101442
320,12,0-1-3-8,4,1280,0.17508194946035244,278.0880824969166,0.09158438090247849,0.048639755022247835,0.027483980259106033,0.05103027075873555,0.051881937461025984
321,12,0-1-3-9,4,1284,0.3288397393414794,278.41692223625813,0.09518474393666132,0.06303668890577832,0.0906014382889424,0.05103027075873555,0.08620409798638207
322,12,0-1-4-5,4,1288,0.20596927394194037,278.6228915102001,0.10895502037385464,0.055647212787199495,0.07171393483058353,0.04701444976686485,0.07615130723915797
323,12,0-1-4-6,4,1292,0.2314988484749536,278.854390358675,0.11501866463857356,0.058714230708632194,0.07171393483058353,0.061207993314056096,0.05788776961098563
324,12,0-1-4-7,4,1296,0.14716045155543406,279.0015508102304,0.10001018051753956,0.04877751204943139,0.03921945060191945,0.05446597033068885,0.051419737919019326
325,12,0-1-4-8,4,1300,0.22911157559508116,279.2306623858255,0.04914088293403184,0.027625411648086483,0.02212759535264297,0.02787358325183234,0.03160517634722737
326,12,0-1-4-9,4,1304,0.15934640451528315,279.3900087903408,0.06301519522903926,0.030363717028752187,0.038218138902223586,0.028701295346334824,0.02784405529338585
327,12,0-1-5-6,4,1308,0.17596360707979394,279.5659723974206,0.03139462302393342,0.01874858150617156,0.027069059958151342,0.016259816345021473,0.011402037689819622
328,12,0-1-5-7,4,1312,0.1475643513058942,279.7135367487265,0.04835394527020837,0.029853091471940343,0.027069059958151342,0.027685272247139573,0.04173124202333156
329,12,0-1-5-8,4,1316,0.13344759891958863,279.84698434764607,0.07457243129383771,0.035987751612079656,0.02431620049543426,0.04263352065268099,0.04263352065265735
330,12,0-1-5-9,4,1320,0.1886681935149957,280.0356525411611,0.07457243129383771,0.03796608894241906,0.021933416076066692,0.04263352065268099,0.04420766053286229
331,12,0-1-6-7,4,1324,0.13249148142482575,280.1681440225859,0.06751090410156473,0.04082458166635244,0.021933416076066692,0.03857589503122808,0.04420766053286229
332,12,0-1-6-8,4,1328,0.1886040665546207,280.3567480891405,0.07518729736041442,0.03731902578886972,0.021933416076066692,0.04259309103563878,0.05563546747934822
333,12,0-1-6-9,4,1332,0.1984173111547302,280.55516540029527,0.050557711196992504,0.03437388515310952,0.02684203893920767,0.026559735036726064,0.037815076155574445
334,12,0-1-7-8,4,1336,0.2086555833484865,280.76382098364377,0.07995608791987577,0.03910009777774519,0.023410592787129758,0.04496550613445104,0.04496550613446004
335,12,0-1-7-9,4,1340,0.15136054530435844,280.91518152894815,0.07295960673692871,0.038735287052034335,0.02942865702974018,0.038256982631755344,0.0382569826317507
336,12,0-1-8-9,4,1344,0.23741893859233898,281.1526004675405,0.08798501775613625,0.04792586933356537,0.08427954507999402,0.03332780452397667,0.03332780452397799
337,13,0-1-2-3,4,1348,0.2383989538572721,281.39099942139774,0.09821998630191044,0.056278067667950155,0.05896474323233747,0.05224072413744263,0.05224072413744807
338,13,0-1-2-4,4,1352,0.21214865666070795,281.60314807805844,0.09100084463288184,0.045073472480089874,0.04289778743904549,0.05156077887848653,0.045719550044893253
339,13,0-1-2-5,4,1356,0.20150249071074963,281.8046505687692,0.08255637000004518,0.050707766752582005,0.03484987769287784,0.047012350736699265,0.04701235073669352
340,13,0-1-2-6,4,1360,0.291737900045324,282.09638846881455,0.08119907882970985,0.04322347291020153,0.03955739083194487,0.045495635028830465,0.07549273687571656
341,13,0-1-2-7,4,1364,0.17960368191079096,282.27599215072536,0.06616570180989986,0.04314686494571744,0.03955739083194487,0.03724751035493621,0.0680874536285998
342,13,0-1-2-8,4,1368,0.21636575534340335,282.4923579060688,0.06080202960740396,0.030308388377867305,0.022194314503238388,0.03332780452397667,0.04808696119703626
343,13,0-1-2-9,4,1372,0.42553678249584004,282.9178946885646,0.09524135327177757,0.06457627304103927,0.09347756080161673,0.04283704048127979,0.05924894703835548
344,13,0-1-3-4,4,1376,0.25401415957282586,283.17190884813743,0.09220504472962475,0.051271960697702824,0.06637367660559335,0.03665850242524015,0.04862094175337006
345,13,0-1-3-5,4,1380,0.10394165940715372,283.2758505075446,0.07113313172758155,0.04955267889162479,0.06324572785069904,0.04073282933685059,0.05136270894331574
346,13,0-1-3-6,4,1384,0.2072016687760994,283.4830521763207,0.07911115198315961,0.04086890310365637,0.05138451427407631,0.04123964168381362,0.04005679006048979
347,13,0-1-3-7,4,1388,0.1648591161319699,283.6479112924527,0.05181668182532119,0.028726347081375652,0.050682645213839805,0.023456605096966055,0.029632311616396123
348,13,0-1-3-8,4,1392,0.2458588269020407,283.89377011935477,0.05365577541820752,0.024385230503493546,0.0363517746359463,0.02260770335860166,0.04104739877843855
349,13,0-1-3-9,4,1396,0.11608947577833369,284.0098595951331,0.06773991320009828,0.032575366081961626,0.041577533762733765,0.031999093412218405,0.04913592281353374
350,13,0-1-4-5,4,1400,0.22442146136279023,284.2342810564959,0.06773991320009828,0.034542786245160086,0.041577533762733765,0.030634848160665657,0.03716404102861759
351,13,0-1-4-6,4,1404,0.1795310435363563,284.41381210003226,0.037567624328030985,0.02269698801996203,0.03283417758702001,0.02043942398262482,0.030489953845830087
352,13,0-1-4-7,4,1408,0.17067742289312415,284.58448952292537,0.06736684898185301,0.037611690049178595,0.025213587403499105,0.03797596554831763,0.06542692634641156
353,13,0-1-4-8,4,1412,0.17107357444153717,284.7555630973669,0.04866510509818712,0.02428894239443841,0.016640480657557077,0.02745096079813226,0.019714639992898242
354,13,0-1-4-9,4,1416,0.11736191394347237,284.8729250113104,0.028709225396350603,0.019812490700515297,0.018422988178116384,0.016004553588645748,0.018612874723373807
355,13,0-1-5-6,4,1420,0.1958167718656591,285.06874178317605,0.09162206864544592,0.03884038754723245,0.023977695569129764,0.05201448738964586,0.06381104294283091
356,13,0-1-5-7,4,1424,0.18594955438200175,285.25469133755803,0.09162206864544592,0.04316798606297668,0.029390313653436806,0.05201448738964586,0.07789044462738559
357,13,0-1-5-8,4,1428,0.3044207487902365,285.55911208634825,0.07958430990366154,0.039928926476763146,0.018478036800516406,0.044348257629600055,0.04176673373937234
358,13,0-1-5-9,4,1432,0.15778286340179198,285.71689494975004,0.0514044107012026,0.03127630227906247,0.03083727348364107,0.02850417716293759,0.030995424915410297
359,13,0-1-6-7,4,1436,0.19858337696270228,285.91547832671273,0.0514044107012026,0.030600979036009574,0.016926554981438358,0.02850417716293759,0.017418109394867543
360,13,0-1-6-8,4,1440,0.1402281253171752,286.0557064520299,0.07383221976208004,0.03438134600131861,0.02051054945825115,0.04230266714586339,0.029539298089915178
361,13,0-1-6-9,4,1444,0.14295237195760277,286.1986588239875,0.06984401584126648,0.04148349897560224,0.0329814293512527,0.03878759369975114,0.03878759369975171
362,13,0-1-7-8,4,1448,0.11138339667999078,286.31004222066747,0.05004332795819391,0.03397509408467689,0.03278850337159156,0.027663637765098576,0.030631981656100038
363,13,0-1-7-9,4,1452,0.13708906135920576,286.4471312820267,0.061658010511240466,0.039117931556274015,0.04773709173427676,0.03384572559811776,0.03384572559811261
364,13,0-1-8-9,4,1456,0.2597746103642043,286.7069058923909,0.09571834461072393,0.04418421431618784,0.06584849176427099,0.03978985459825246,0.045408008833852875
365,14,0-1-2-3,4,1460,0.2134762768936863,286.9203821692846,0.08551822522734906,0.05689848135248426,0.05586382458443495,0.04529950704805654,0.05051427081838966
366,14,0-1-2-4,4,1464,0.13639698838372888,287.05677915766836,0.10027171176481489,0.05992679504305989,0.05244767676920503,0.05420766629935261,0.061354460736552596
367,14,0-1-2-5,4,1468,0.22780517207093143,287.2845843297393,0.05857802287342192,0.03475534946209004,0.04586776492072886,0.02943277216722005,0.031357052312252165
368,14,0-1-2-6,4,1472,0.12997435945471653,287.414558689194,0.03431642104497149,0.021628998346276608,0.029772976414307095,0.015143716285905415,0.02385918595703629
369,14,0-1-2-7,4,1476,0.1777178109036679,287.5922765000977,0.06745721855303705,0.03105482317635946,0.029772976414307095,0.038618395097793384,0.038618395097770986
370,14,0-1-2-8,4,1480,0.07893117672428958,287.67120767682195,0.06538232786658905,0.030502646736394513,0.033297177300198655,0.03736240158772337,0.03736240158774251
371,14,0-1-2-9,4,1484,0.46084659336817335,288.1320542701901,0.09899017690175245,0.060542349624729916,0.06303122879756984,0.05505675259693395,0.05513761013236973
372,14,0-1-3-4,4,1488,0.19804269536519808,288.3300969655553,0.09899017690175245,0.05869524028088232,0.05747593233664361,0.05505675259693395,0.0388304070035943
373,14,0-1-3-5,4,1492,0.2126151690834713,288.54271213463875,0.10120696297843457,0.06630799636996554,0.055511408314742994,0.05505675259693395,0.05978783636724927
374,14,0-1-3-6,4,1496,0.16994501130970013,288.71265714594847,0.09899017690175245,0.05130659057122998,0.037538081322409766,0.05505675259693395,0.04053542020734824
375,14,0-1-3-7,4,1500,0.17338680655003158,288.8860439524985,0.09899017690175245,0.05355936462196642,0.03790206712064048,0.05505675259693395,0.042725862088538236
376,14,0-1-3-8,4,1504,0.18206431296373315,289.06810826546223,0.09899017690175245,0.057098469406060406,0.03790206712064048,0.05505675259693395,0.044854481260671264
377,14,0-1-3-9,4,1508,0.263914203377567,289.3320224688398,0.11255758798813276,0.06852892679848717,0.0456742779362429,0.06332680697421929,0.06332680697422433
378,14,0-1-4-5,4,1512,0.2309645847368196,289.5629870535766,0.07475725501701333,0.049055470156002624,0.05189791868100713,0.042424361625341855,0.04466309456977058
379,14,0-1-4-6,4,1516,0.21407748442900232,289.7770645380056,0.06820691781243542,0.04331869452053296,0.05189791868100713,0.037785078711010986,0.03094711400101602
380,14,0-1-4-7,4,1520,0.15282392372578193,289.9298884617314,0.06478403330597333,0.038562267764661026,0.03170106604591183,0.036980911643777654,0.036980911643759384
381,14,0-1-4-8,4,1524,0.1653506032468752,290.0952390649783,0.04828825011046104,0.03218279861370725,0.028075426709364137,0.02709434737764655,0.02709434737765548
382,14,0-1-4-9,4,1528,0.1303159048633295,290.2255549698416,0.08720184233671989,0.04122332097085858,0.032044696455344024,0.049622239608922425,0.05058499132535843
383,14,0-1-5-6,4,1532,0.12748255952104898,290.35303752936267,0.08720184233671989,0.041139961989565314,0.031735664525925245,0.049622239608922425,0.04865827142922541
384,14,0-1-5-7,4,1536,0.14909651575246852,290.50213404511516,0.08720184233671989,0.04688892485197405,0.041085003721462954,0.049622239608922425,0.03541429473175839
385,14,0-1-5-8,4,1540,0.10555214352287416,290.607686188638,0.08720184233671989,0.0471701170037908,0.04261245018021498,0.049622239608922425,0.04562833744651584
386,14,0-1-5-9,4,1544,0.12568657712785872,290.73337276576586,0.08720184233671989,0.05488355032736979,0.050914721994928414,0.049622239608922425,0.06362795752625772
387,14,0-1-6-7,4,1548,0.16791512123329388,290.90128788699917,0.07384110585307058,0.04443946713336763,0.04404689776318094,0.03394905916418435,0.02416180367078624
388,14,0-1-6-8,4,1552,0.17381018864428063,291.07509807564344,0.07230977460680649,0.04041536127503458,0.034387483201726354,0.04026020224552597,0.04033086918598627
389,14,0-1-6-9,4,1556,0.15017424614497749,291.2252723217884,0.09157653920800347,0.04922546157463149,0.052705407308138774,0.042919703297698744,0.045236263728227755
390,14,0-1-7-8,4,1560,0.16297590752986657,291.38824822931826,0.06021239136521509,0.03470454382167696,0.03000380996732588,0.029915428881329066,0.0306799672921656
391,14,0-1-7-9,4,1564,0.07239939378399989,291.46064762310226,0.05623080515370842,0.03176955157739099,0.021393328585645577,0.02979825452550503,0.028749390781015904
392,14,0-1-8-9,4,1568,0.14685521880132962,291.60750284190357,0.057516661009720166,0.038965010133404816,0.03456193265587615,0.028944851684780754,0.04509236360118507
393,15,0-1-2-3,4,1572,0.1793259326304076,291.786828774534,0.07759616677014267,0.0480340432415416,0.06895800001372265,0.04389482868530422,0.04389482868531047
394,15,0-1-2-4,4,1576,0.17898055770047264,291.96580933223447,0.07680639237489045,0.04284123183393467,0.03662269005072005,0.042535014142039584,0.04253501414201821
395,15,0-1-2-5,4,1580,0.10089583067210986,292.0667051629066,0.08653559263117289,0.04899308683444221,0.03251160748718007,0.04882478654321193,0.04882478654322853
396,15,0-1-2-6,4,1584,0.22877868361363057,292.29548384652026,0.037463070241115906,0.022549994490972548,0.026399904017310405,0.01820211531328843,0.028111983983194477
397,15,0-1-2-7,4,1588,0.14626485038314746,292.4417486969034,0.05331142992377065,0.026841765232338687,0.030606531858268227,0.02896604881778028,0.0212683813453296
398,15,0-1-2-8,4,1592,0.17833014693485022,292.62007884383826,0.04868349760774127,0.027283858772710997,0.02902298321804153,0.022398128176699564,0.02642907931895877
399,15,0-1-2-9,4,1596,0.21370914975378222,292.833787993592,0.07038179347298358,0.03866133689049535,0.029996420088650666,0.04029150876799286,0.0503076015438495
400,15,0-1-3-4,4,1600,0.1491443357521277,292.9829323293441,0.05962020695164297,0.03811709848655212,0.029996420088650666,0.03175163048448488,0.028426697331582318
401,15,0-1-3-5,4,1604,0.10852951679650173,293.09146184614065,0.044591239315144464,0.029983244225910706,0.02651401668359199,0.024346683624945204,0.030244489922203854
402,15,0-1-3-6,4,1608,0.20447178680825404,293.2959336329489,0.04596924211461544,0.029462145726720883,0.026013632476676207,0.022791173836108274,0.03619241955607322
403,15,0-1-3-7,4,1612,0.12794474585933097,293.42387837880824,0.05534289817708131,0.02538815879989381,0.026336057075042163,0.02789235199453991,0.04236645178164622
404,15,0-1-3-8,4,1616,0.15635326138652186,293.58023164019477,0.048993025206520616,0.030522277549290697,0.023163240304015176,0.02746809546046747,0.04733276514590301
405,15,0-1-3-9,4,1620,0.1132196708088415,293.6934513110036,0.05228161776320764,0.028558349066671228,0.029310898997692902,0.026066236311055025,0.02967772411462022
406,15,0-1-4-5,4,1624,0.1672021712795177,293.86065348228317,0.06075614757704563,0.03550041824326963,0.029327225012281133,0.03049112126511589,0.03361417818899071
407,15,0-1-4-6,4,1628,0.102578322854945,293.9632318051381,0.07467320702935887,0.03220806465946827,0.033111074309204014,0.03835492870627077,0.03147259046488671
408,15,0-1-4-7,4,1632,0.14865194493554199,294.1118837500736,0.07952226801444358,0.039675784995472224,0.031205034714716362,0.04544767271574554,0.05233001095712808
409,15,0-1-4-8,4,1636,0.13966059185919333,294.2515443419328,0.04139755783581159,0.02348595914612386,0.029310898997692902,0.02268074902325886,0.029563087264641297
410,15,0-1-4-9,4,1640,0.22676992328056073,294.4783142652134,0.06469088879568373,0.03454892973280362,0.029310898997692902,0.035787602610235565,0.029881736699458372
411,15,0-1-5-6,4,1644,0.2234045518966263,294.70171881711,0.06897669257603556,0.03468626078950574,0.02835313797795891,0.037432334057216375,0.03743233405721469
412,15,0-1-5-7,4,1648,0.10341703483728341,294.8051358519473,0.07560974704084701,0.04084683747031407,0.031924649887358214,0.04116898281977747,0.042658466250813376
413,15,0-1-5-8,4,1652,0.13452601481773818,294.93966186676505,0.10238164882879186,0.044173247596018865,0.034135644105560914,0.056705429667819184,0.05670542966781511
414,15,0-1-5-9,4,1656,0.16674949182219162,295.10641135858725,0.08062449011230866,0.038746875354330655,0.03166205964222968,0.04392331465579937,0.044849874984343785
415,15,0-1-6-7,4,1660,0.1493879123623618,295.25579927094964,0.10151492942188786,0.04250254323731528,0.029114364195947928,0.05669845988598709,0.0566984598859932
416,15,0-1-6-8,4,1664,0.1787809831739457,295.4345802541236,0.08241171364549373,0.034800576340728286,0.02649326477975933,0.04591753568902869,0.050335957397443565
417,15,0-1-6-9,4,1668,0.21739926387298508,295.6519795179966,0.08062553474464611,0.03950932225663372,0.028449671105747143,0.04537813314508311,0.04537813314509265
418,15,0-1-7-8,4,1672,0.2342167776716851,295.8861962956683,0.04913782050612114,0.02570168215505013,0.017432518377674455,0.028031770309808888,0.036276443319373186
419,15,0-1-7-9,4,1676,0.1527849682884594,296.03898126395677,0.05781417058761642,0.03499077336415752,0.03645844470163695,0.028031770309808888,0.02986156108615745
420,15,0-1-8-9,4,1680,0.25769905762322143,296.29668032157997,0.08368603260419616,0.04974650602638545,0.05579773437982283,0.040820968741877114,0.038365753811767433
421,16,0-1-2-3,4,1684,0.3783977248485831,296.67507804642855,0.11248514905216764,0.07765786563992819,0.11246212652534382,0.05047299799112046,0.05047299799112892
422,16,0-1-2-4,4,1688,0.13530832335131238,296.81038636977985,0.10216538760426147,0.07369235141903648,0.06568354021963785,0.053547795750509164,0.05354779575051083
423,16,0-1-2-5,4,1692,0.2184366329275515,297.0288230027074,0.0760006684079252,0.05157900802920714,0.04495843944559397,0.042157006230378255,0.038365753811767433
424,16,0-1-2-6,4,1696,0.17281248729480175,297.20163549000216,0.0728663689423042,0.042977972405265345,0.04495843944559397,0.03836575381175977,0.038365753811767433
425,16,0-1-2-7,4,1700,0.15255462865819316,297.35419011866037,0.07315203026626677,0.04975357280545172,0.04813875722389582,0.03836575381175977,0.038365753811767433
426,16,0-1-2-8,4,1704,0.26906313657872166,297.6232532552391,0.09943417220194643,0.06198229969516925,0.07488643815602813,0.04650107858598834,0.04306243331522097
427,16,0-1-2-9,4,1708,0.17172779959103185,297.79498105483015,0.08938570271260818,0.0615003420070392,0.058768591296001205,0.03985924125654781,0.038365753811767433
428,16,0-1-3-4,4,1712,0.20461557488053211,297.99959662971065,0.10256323251017717,0.056376411831807006,0.10218427924455398,0.041388083784145754,0.03573705873850486
429,16,0-1-3-5,4,1716,0.12447024819532589,298.124066877906,0.07720702126394031,0.046582167384589715,0.0755723295820161,0.0376860730961263,0.03038833965656096
430,16,0-1-3-6,4,1720,0.16610328890751114,298.2901701668135,0.07720702126394031,0.04545047235040827,0.0755723295820161,0.02607904879799385,0.026079048797974735
431,16,0-1-3-7,4,1724,0.09856721143930823,298.3887373782528,0.056572149155631975,0.04079170585295933,0.05641367673116804,0.023147037988112233,0.03340111192056838
432,16,0-1-3-8,4,1728,0.1306592446249149,298.5193966228777,0.05899116433971464,0.038811108746720294,0.048705682453132226,0.023986003330380836,0.023986003330385586
433,16,0-1-3-9,4,1732,0.20718094833560238,298.7265775712133,0.06073927890014143,0.04070973038283264,0.05356426699128747,0.03388898335534994,0.03619642958130953
434,16,0-1-4-5,4,1736,0.28184495270374343,299.00842252391703,0.1350994677291187,0.05788646520465654,0.05922073545201556,0.0734230700499804,0.07342307004999782
435,16,0-1-4-6,4,1740,0.15422276418689893,299.16264528810393,0.11450671995583346,0.047680836893446064,0.03816388827260653,0.06191644921257646,0.06834594462493015
436,16,0-1-4-7,4,1744,0.15404506335248477,299.31669035145643,0.09122823989746229,0.04299588970931242,0.03816388827260653,0.04991753985045601,0.0499175398504903
437,16,0-1-4-8,4,1748,0.18749631092089244,299.5041866623773,0.0642837915389502,0.03165034813083665,0.03164897943121048,0.032849866395859545,0.03284986639586407
438,16,0-1-4-9,4,1752,0.11792901395122171,299.6221156763285,0.0642837915389502,0.02718190135702887,0.02908941019219924,0.032849866395859545,0.03284986639586407
439,16,0-1-5-6,4,1756,0.1701443639819251,299.79226004031045,0.06387865383336533,0.034384086014342306,0.026350610787531537,0.03609169874141283,0.027711205170028563
440,16,0-1-5-7,4,1760,0.11383988411983509,299.9060999244303,0.051782081953684264,0.029382620491787942,0.028971225720809457,0.028663950874127306,0.028663950874133093
441,16,0-1-5-8,4,1764,0.12709367215810233,300.0331935965884,0.05729191194733693,0.03697537892278182,0.039368407766829705,0.03275548414673192,0.028905369590368934
442,16,0-1-5-9,4,1768,0.1985784718923253,300.2317720684807,0.051586641562686934,0.03505947862737229,0.04167826898078886,0.02954343354741123,0.04998728804203978
443,16,0-1-6-7,4,1772,0.1850450151364814,300.4168170836172,0.051586641562686934,0.027509616306444145,0.020064139855776375,0.02954343354741123,0.04998728804203978
444,16,0-1-6-8,4,1776,0.18081568880587504,300.5976327724231,0.051586641562686934,0.03073122304952502,0.04032501100589059,0.02954343354741123,0.04043120172639192
445,16,0-1-6-9,4,1780,0.15689136905046744,300.75452414147355,0.051586641562686934,0.030445528895446623,0.03583751924622902,0.02954343354741123,0.03138062204612879
446,16,0-1-7-8,4,1784,0.1528890139881598,300.9074131554617,0.04779521695875172,0.026481507263828398,0.024194309122208324,0.023619689864023706,0.025280138822850517
447,16,0-1-7-9,4,1788,0.15684141529966625,301.06425457076136,0.04281039600314589,0.028555977237970098,0.04084173467629171,0.024520322538227102,0.0463202627218422
448,16,0-1-8-9,4,1792,0.17168842192469957,301.2359429926861,0.0584195386813819,0.03341335105970085,0.05710945004764767,0.024785877763871214,0.02892044314779696
449,17,0-1-2-3,4,1796,0.16277535467107787,301.39871834735715,0.06872989969099336,0.03531348976972062,0.022879524258883066,0.03929461293144031,0.04128060775368425
450,17,0-1-2-4,4,1800,0.17884156174543664,301.5775599091026,0.07977499838341007,0.04361680735471271,0.048470174241927566,0.045693982003219,0.04160667246695482
451,17,0-1-2-5,4,1804,0.15138715494482266,301.7289470640474,0.07977499838341007,0.044904547544654956,0.04017161776343414,0.045693982003219,0.07508009118770076
452,17,0-1-2-6,4,1808,0.23702326568348253,301.9659703297309,0.0592921322782817,0.03261479217455758,0.02973669651248656,0.029386109184435034,0.04976050253041109
453,17,0-1-2-7,4,1812,0.1739169644207371,302.13988729415166,0.07597435512191983,0.04096178785388357,0.03431344066794395,0.0421396353649384,0.06251402871085787
454,17,0-1-2-8,4,1816,0.14415126325145203,302.2840385574031,0.08210419059668152,0.04675346082444779,0.06024245038592824,0.04588237083328594,0.04769022641593068
455,17,0-1-2-9,4,1820,0.3998371674872032,302.6838757248903,0.102475373344898,0.06717626978351157,0.09962834839758727,0.05230667422910108,0.0809449007334635
456,17,0-1-3-4,4,1824,0.2675085164586493,302.95138424134893,0.09999568332608781,0.06275886016676742,0.0868151635566079,0.04520912249818237,0.04520912249818565
457,17,0-1-3-5,4,1828,0.2227526912458487,303.17413693259476,0.10176706285842319,0.05557379183762533,0.0868151635566079,0.0452786628311347,0.05226344155877882
458,17,0-1-3-6,4,1832,0.16358187730271473,303.33771880989747,0.10864357350412633,0.0600283336413035,0.07888159555754726,0.05280795092503956,0.059792729652684784
459,17,0-1-3-7,4,1836,0.21149255641589731,303.5492113663134,0.09611558377149042,0.053607849516621495,0.04903720489433283,0.05382806522764845,0.04558134368112121
460,17,0-1-3-8,4,1840,0.22461325194700812,303.7738246182604,0.09611558377149042,0.04725192382335968,0.027646255476213355,0.05382806522764845,0.04811184802542101
461,17,0-1-3-9,4,1844,0.15091870760852563,303.9247433258689,0.06470080091308449,0.037250990528049935,0.03216951781548971,0.03425520702088297,0.03169496421955387
462,17,0-1-4-5,4,1848,0.16334894922534224,304.08809227509425,0.03696506953511711,0.02653445338691593,0.03216951781548971,0.020925175603479618,0.029328431113967213
463,17,0-1-4-6,4,1852,0.10315729061962499,304.19124956571386,0.041871528472114325,0.02640578408181125,0.02560819745562526,0.020793990607321705,0.03936231959823999
464,17,0-1-4-7,4,1856,0.18060657058185467,304.3718561362957,0.04815922091533262,0.027518679364983433,0.011642259904903085,0.026872562582996397,0.01806584351223961
465,17,0-1-4-8,4,1860,0.0809893796502401,304.45284551594597,0.052347074853930455,0.030761101811197872,0.012883049331406937,0.02967693919023037,0.024519024710365045
466,17,0-1-4-9,4,1864,0.12674293285799926,304.579588448804,0.055696102867799725,0.03171090626707207,0.016618667329325376,0.030460376032995635,0.02014781841379687
467,17,0-1-5-6,4,1868,0.11358583481326087,304.6931742836172,0.042012888876465086,0.03060202661171085,0.024581800035079482,0.023903659047556446,0.019244149193291094
468,17,0-1-5-7,4,1872,0.13438034535869378,304.8275546289759,0.046981896672798944,0.03194239578253628,0.02900019676816612,0.025643854960015016,0.025643854960023305
469,17,0-1-5-8,4,1876,0.19265305046518222,305.0202076794411,0.060140595806762544,0.03478361074992995,0.0346465675312686,0.03433037678974853,0.05699182567039429
470,17,0-1-5-9,4,1880,0.1275094486920052,305.14771712813314,0.03681387058112802,0.02376162737953555,0.022387350805146866,0.020644844676420887,0.024420869747892482
471,17,0-1-6-7,4,1884,0.17123927229510935,305.31895640042825,0.04130329973672361,0.02387807474565894,0.019177671452098366,0.021624271576427646,0.026110615740762455
472,17,0-1-6-8,4,1888,0.13290057542040076,305.45185697584867,0.06858623326699166,0.030363122093620576,0.0239757361980395,0.03929590130014935,0.04542653664998397
473,17,0-1-6-9,4,1892,0.15787214486127327,305.60972912070997,0.05629991532180331,0.027819202730326908,0.023656457124559438,0.03199350370451192,0.039541849993590006
474,17,0-1-7-8,4,1896,0.19011993361182997,305.7998490543218,0.06191430603304992,0.03590815654168933,0.04439203249071966,0.03199350370451192,0.040059687979081104
475,17,0-1-7-9,4,1900,0.18796485261813717,305.98781390693995,0.09328377268321174,0.04171612232065643,0.08456832042608653,0.03199350370451192,0.032185383576795346
476,17,0-1-8-9,4,1904,0.19093783881225337,306.1787517457522,0.09209123721565952,0.04087125068470563,0.028288784733561556,0.05020617345035086,0.04335910917624375
477,18,0-1-2-3,4,1908,0.3057666863616777,306.4845184321139,0.06324049540337696,0.0428511944761275,0.042198311281921974,0.03592450781490476,0.053559474792955086
478,18,0-1-2-4,4,1912,0.26112347151077187,306.74564190362463,0.04593554297176135,0.02748788588613828,0.03616471824840062,0.02552916990096009,0.030831382292085152
479,18,0-1-2-5,4,1916,0.09826862648604975,306.8439105301107,0.046407011752476315,0.025135641565438516,0.01998601409044909,0.025143710820770406,0.03680537264641259
480,18,0-1-2-6,4,1920,0.09715097728574149,306.94106150739645,0.04076276028636434,0.024921342484691616,0.024080033785480737,0.02251278321765397,0.033620087806873755
481,18,0-1-2-7,4,1924,0.0985497480963562,307.0396112554928,0.06398887976124674,0.027632873258008485,0.011032968898291529,0.036115838372590914,0.05128513140784463
482,18,0-1-2-8,4,1928,0.2605103962397682,307.3001216517326,0.05431077946716639,0.037204756214783495,0.0392049513606878,0.031096715434892216,0.03460311750080791
483,18,0-1-2-9,4,1932,0.34701399707669073,307.6471356488093,0.08410978293713467,0.04244087749983051,0.03341913626182702,0.04723255393015475,0.043012227717213136
484,18,0-1-3-4,4,1936,0.12354835309723523,307.77068400190655,0.08410978293713467,0.04093657620981954,0.03268538638434393,0.04723255393015475,0.043012227717213136
485,18,0-1-3-5,4,1940,0.09704298944123048,307.86772699134775,0.08410978293713467,0.038716117483483956,0.024091584345597994,0.04723255393015475,0.035616819177988646
486,18,0-1-3-6,4,1944,0.12411275757660932,307.99183974892435,0.08410978293713467,0.04644036673493816,0.02548510485836175,0.04723255393015475,0.05124369173811516
487,18,0-1-3-7,4,1948,0.23035729567513832,308.2221970445995,0.08410978293713467,0.047549378019861956,0.023534124091980857,0.04723255393015475,0.05759665043576234
488,18,0-1-3-8,4,1952,0.18796187562834418,308.41015892022784,0.08410978293713467,0.05940037666115646,0.06779890806242861,0.04723255393015475,0.0770091549704972
489,18,0-1-3-9,4,1956,0.21016342771148688,308.62032234793935,0.08410978293713467,0.0519280779355428,0.047430912026896976,0.04723255393015475,0.06323020529513457
490,18,0-1-4-5,4,1960,0.20376485884505474,308.8240872067844,0.049263403033652946,0.031646265024488876,0.03881685577964333,0.018442519193284174,0.020160825149694972
491,18,0-1-4-6,4,1964,0.17050323463391004,308.99459044141827,0.049263403033652946,0.03243113951165243,0.03881685577964333,0.0219298856920064,0.03792753705698715
492,18,0-1-4-7,4,1968,0.18822934288952664,309.1828197843078,0.06327595494709456,0.03641363867475554,0.03573607413537161,0.03624325290422459,0.045367171632442194
493,18,0-1-4-8,4,1972,0.09680933819404916,309.2796291225019,0.07847734873960478,0.03972350123411278,0.028414233763754737,0.04481495674583393,0.044814956745838685
494,18,0-1-4-9,4,1976,0.1614300148401197,309.441059137342,0.05403954025230648,0.03616310856838647,0.02566827255765247,0.030378181599409727,0.05244433140752136
495,18,0-1-5-6,4,1980,0.22609411456466622,309.66715325190665,0.0597638629156101,0.03459297434172179,0.027150149673758506,0.03409759064474403,0.054919104800610796
496,18,0-1-5-7,4,1984,0.21056683573897256,309.8777200876456,0.05057423678591998,0.029253750899563953,0.016605311158627956,0.0280357157853468,0.04242485107284466
497,18,0-1-5-8,4,1988,0.13161689747349276,310.00933698511915,0.0554987994794327,0.030128122230419455,0.017670316530839614,0.030146325076927192,0.03010380526421841
498,18,0-1-5-9,4,1992,0.13397289787215994,310.14330988299133,0.040568806314201684,0.025984470372986845,0.025901240097510936,0.02323562930431168,0.03032629559821487
499,18,0-1-6-7,4,1996,0.15133562275630713,310.29464550574767,0.024955804539869866,0.018364161919554402,0.014958535998772504,0.01358614002723351,0.02231187229781284
500,18,0-1-6-8,4,2000,0.1536500592400653,310.44829556498775,0.06740119297399388,0.03214231870305538,0.0269053126136356,0.038158207466759,0.042846285289769526
501,18,0-1-6-9,4,2004,0.11998308222504515,310.56827864721276,0.06740119297399388,0.03217643402898664,0.01972605299502561,0.038158207466759,0.03815820746673637
502,18,0-1-7-8,4,2008,0.13848683543426607,310.70676548264703,0.06123947763890288,0.028690660582797095,0.024304193341421865,0.03484374562571657,0.03484374562571446
503,18,0-1-7-9,4,2012,0.16305419948934113,310.8698196821364,0.06123947763890288,0.029526624486948858,0.030894018758559127,0.03484374562571657,0.04544992012822746
504,18,0-1-8-9,4,2016,0.14732322635082407,311.0171429084872,0.06123947763890288,0.028426324793573883,0.031478761783134246,0.03484374562571657,0.04544992012822746
505,19,0-1-2-3,4,2020,0.20847796329682922,311.22562087178403,0.06985561592179076,0.03794653746712404,0.03745203053875912,0.03423832271970074,0.0369195320207254
506,19,0-1-2-4,4,2024,0.1852307478142382,311.41085161959825,0.05765966550514808,0.030171077925815533,0.036116408057026206,0.027043852907986186,0.03846972025901607
507,19,0-1-2-5,4,2028,0.19746957910168147,311.6083211986999,0.08691163411647235,0.04505128777083737,0.037518249420131156,0.04711651303964543,0.04520542644259962
508,19,0-1-2-6,4,2032,0.2706971235226827,311.8790183222226,0.039024390077841205,0.02685329824158401,0.038561580870862144,0.021158482496758224,0.02513690538157931
509,19,0-1-2-7,4,2036,0.15127595736152954,312.0302942795841,0.04650639751329634,0.03124126390745543,0.038561580870862144,0.024599202758672056,0.021165213132789518
510,19,0-1-2-8,4,2040,0.18464291899062454,312.2149371985747,0.05686959312898431,0.03800994613671171,0.041511971160758776,0.03226465894822846,0.02828679505110898
511,19,0-1-2-9,4,2044,0.18772072363682454,312.4026579222115,0.13126558769296007,0.05875134203136408,0.051602698019650006,0.07289355908544348,0.07481098463802738
512,19,0-1-3-4,4,2048,0.2203562353674547,312.62301415757895,0.13126558769296007,0.06610751622514112,0.03224406336693164,0.07289355908544348,0.07481098463802738
513,19,0-1-3-5,4,2052,0.1650453841216496,312.7880595417006,0.15440795677721728,0.07107765545041748,0.03309826009471806,0.08639854080607423,0.0863985408060799
514,19,0-1-3-6,4,2056,0.13373477274831766,312.9217943144489,0.18048700497336714,0.08030002249613653,0.03224406336693164,0.10176051674515815,0.10176051674515207
515,19,0-1-3-7,4,2060,0.256457279272228,313.17825159372114,0.13126558769296007,0.07709056340884891,0.0341897618832121,0.07289355908544348,0.07485828090903368
516,19,0-1-3-8,4,2064,0.12842743526298814,313.30667902898415,0.13126558769296007,0.07439116435718127,0.040770052322827155,0.07289355908544348,0.06264179506886336
517,19,0-1-3-9,4,2068,0.2583751376240362,313.5650541666082,0.13126558769296007,0.0726986204656584,0.069479132503659,0.07289355908544348,0.0731826848295043
518,19,0-1-4-5,4,2072,0.2393690202061281,313.80442318681435,0.06976332439229475,0.0435401698315794,0.06094678171250223,0.0387174139208601,0.03900653966491774
519,19,0-1-4-6,4,2076,0.2601033864150838,314.06452657322944,0.10170003807537964,0.05272724472479026,0.06094678171250223,0.05638706158600652,0.05638706158601536
520,19,0-1-4-7,4,2080,0.1396913775376723,314.2042179507671,0.1229501259605481,0.05428553970290332,0.051999643339442514,0.06793677078603053,0.06793677078604077
521,19,0-1-4-8,4,2084,0.102570961783694,314.30678891255076,0.10966994545925904,0.0475797229538339,0.03325359174351661,0.06069903234597334,0.06069903234597973
522,19,0-1-4-9,4,2088,0.22381845238402812,314.5306073649348,0.10966994545925904,0.0393268745067401,0.0284156050225306,0.06069903234597334,0.06205473596053679
523,19,0-1-5-6,4,2092,0.1573351230782982,314.6879424880131,0.05280444155755988,0.027347371550810417,0.028045647552488617,0.02932142107041331,0.029321421070434894
524,19,0-1-5-7,4,2096,0.19726225446689433,314.88520474248,0.052908166993718225,0.0232129393999602,0.02087123180137951,0.027852895993401138,0.02556855119640744
525,19,0-1-5-8,4,2100,0.203451667816509,315.08865641029655,0.052908166993718225,0.03572974215764478,0.02087123180137951,0.027852895993401138,0.04945672229717246
526,19,0-1-5-9,4,2104,0.16174819574321955,315.25040460603975,0.0381081364063627,0.0232861766977884,0.01510125857471678,0.021603826303782048,0.031230728865281776
527,19,0-1-6-7,4,2108,0.22621608828933237,315.4766206943291,0.043605129557102114,0.027822177324023267,0.03293904697561345,0.021037678789606176,0.0357138499208105
528,19,0-1-6-8,4,2112,0.12185990313109907,315.5984805974602,0.03911970533635392,0.022647818652226703,0.023153186658745994,0.018484453120174736,0.03184711819325514
529,19,0-1-6-9,4,2116,0.13218341755909813,315.7306640150193,0.040223795233329016,0.02700413071096768,0.02673996152194036,0.021114858217035435,0.035729526618155205
530,19,0-1-7-8,4,2120,0.15870863192710613,315.88937264694636,0.06812280993945191,0.03162940012023507,0.05596826193874449,0.022245430261895915,0.018164177874794518
531,19,0-1-7-9,4,2124,0.20163753732351805,316.09101018426986,0.08077517564492016,0.03539431823792775,0.024958861070643934,0.04573940422882456,0.03540047297730098
532,19,0-1-8-9,4,2128,0.28543473461862956,316.37644491888847,0.08077517564492016,0.04921218092871819,0.06771216977195138,0.04573940422882456,0.04686941011859602
533,20,0-1-2-3,4,2132,0.24877968920748444,316.62522460809595,0.06330696379025194,0.03766529079918327,0.04781566878133958,0.03541602957400756,0.035416029574001584
534,20,0-1-2-4,4,2136,0.1437290344672704,316.76895364256325,0.06330696379025194,0.03101296791921702,0.03324303068997381,0.03541602957400756,0.04589699209418541
535,20,0-1-2-5,4,2140,0.12636935844524963,316.8953230010085,0.06330696379025194,0.03423586238516151,0.02788846503909781,0.03541602957400756,0.05163485905043075
536,20,0-1-2-6,4,2144,0.16653653494953446,317.06185953595804,0.06330696379025194,0.031330104215836534,0.02660247294708995,0.03541602957400756,0.042573960812148925
537,20,0-1-2-7,4,2148,0.19148558706730717,317.2533451230253,0.06361941835958053,0.040739426290638335,0.019216373062889147,0.03644847280522717,0.036611215611316084
538,20,0-1-2-8,4,2152,0.21373660877619696,317.4670817318015,0.06835631008712335,0.052567880386443756,0.05800439493194176,0.03745775386020341,0.04031945097204925
539,20,0-1-2-9,4,2156,0.6298230891707839,318.09690482097227,0.17816351927891924,0.09808744803123524,0.15401005966241144,0.05136053619302775,0.08550992244035882
540,20,0-1-3-4,4,2160,0.31605439168052646,318.4129592126528,0.17816351927891924,0.10059129087309779,0.15401005966241144,0.07834091438437875,0.08689902370372238
541,20,0-1-3-5,4,2164,0.24177875844225624,318.6547379710951,0.17696913821572358,0.0930696147426177,0.10963086609635297,0.07963975931050317,0.06787413541086806
542,20,0-1-3-6,4,2168,0.31626319583524753,318.9710011669303,0.10200465486225659,0.07224468586482405,0.06948157416273659,0.05009389286636112,0.06445972428017654
543,20,0-1-3-7,4,2172,0.21120207579422368,319.18220324272454,0.11647101506278752,0.06761032000480087,0.04893335012590683,0.061825043274689434,0.06182504327470184
544,20,0-1-3-8,4,2176,0.2883240526905978,319.47052729541514,0.09877072348539684,0.06021578041394006,0.04599030420293104,0.05009389286636112,0.054246283622084945
545,20,0-1-3-9,4,2180,0.4657197899412373,319.9362470853564,0.15058496877636066,0.07773882018341477,0.05240473673451618,0.08435094901041447,0.0869315740692258
546,20,0-1-4-5,4,2184,0.23316985005701524,320.16941693541344,0.09042214044671824,0.04851916191282358,0.04784554454934664,0.050068694751877495,0.051255768951151026
547,20,0-1-4-6,4,2188,0.15889007234133484,320.32830700775474,0.05256459920804816,0.03298507154260632,0.04784554454934664,0.025009362337372675,0.026767499772930137
548,20,0-1-4-7,4,2192,0.1588507400702338,320.487157747825,0.04557595580581786,0.026850965339504446,0.024941469346941858,0.026112112884240164,0.03899634094881321
549,20,0-1-4-8,4,2196,0.11958077144134094,320.60673851926634,0.03806974540266281,0.02158204155764159,0.019532337959404344,0.018720774758491265,0.026523534712140417
550,20,0-1-4-9,4,2200,0.13865891735246694,320.7453974366188,0.03883103983815823,0.020831108508888602,0.008184590304608719,0.021928364956323332,0.02208601074275407
551,20,0-1-5-6,4,2204,0.1344573977383417,320.87985483435716,0.024662040041617685,0.018342092497341644,0.020412356767153028,0.013391071984372735,0.02208601074275407
552,20,0-1-5-7,4,2208,0.11382365588138726,320.99367849023855,0.023367249325804907,0.01329244502723663,0.020412356767153028,0.01312431285725704,0.01917294317944851
553,20,0-1-5-8,4,2212,0.17544470515867377,321.1691231953972,0.052425160201861484,0.027419619543803623,0.010400657889945819,0.029832225572439534,0.02983222557244858
554,20,0-1-5-9,4,2216,0.20567109440152928,321.37479428979873,0.0361066235209852,0.024392109701819736,0.014207803161284005,0.020274428920585053,0.033398741777837415
555,20,0-1-6-7,4,2220,0.1286179208814149,321.50341221068015,0.03549366709125748,0.02294335035698614,0.02696863851510045,0.01892449270335773,0.014591529489436539
556,20,0-1-6-8,4,2224,0.09191967363705332,321.5953318843172,0.03549366709125748,0.02177239599053943,0.02284830446407682,0.01892449270335773,0.024535563514682224
557,20,0-1-6-9,4,2228,0.10659103710795888,321.70192292142514,0.03941637346630464,0.023742195121801896,0.02657779821750239,0.01892449270335773,0.02824844319069797
558,20,0-1-7-8,4,2232,0.12135940485045923,321.8232823262756,0.035883871774355,0.018891329928359187,0.027805007734414744,0.016344799662584928,0.025668750149939967
559,20,0-1-7-9,4,2236,0.24181370874089023,322.0650960350165,0.061182909829372904,0.032095118018421354,0.03172057210827006,0.03425052941707604,0.04357447990444285
560,20,0-1-8-9,4,2240,0.24612728069678963,322.3112233157133,0.05343945144219632,0.02316016696981962,0.035460297317882805,0.027955719616988204,0.03613825206691956
